-- ============================================================
-- NHIA URMS — Seed Data (2025)
-- Generated from: STATE OFFICE OPERATIONAL DATA 2024_2025
-- 38 states · 7 zones · annual + quarterly + monthly reports
-- ============================================================

SET FOREIGN_KEY_CHECKS = 0;

-- 1. Zonal Offices
TRUNCATE TABLE zonal_offices;
INSERT INTO zonal_offices (id, zonal_code, description, created_at, updated_at) VALUES (1, 'NW', 'North West Zone', NOW(), NOW());
INSERT INTO zonal_offices (id, zonal_code, description, created_at, updated_at) VALUES (2, 'NE', 'North East Zone', NOW(), NOW());
INSERT INTO zonal_offices (id, zonal_code, description, created_at, updated_at) VALUES (3, 'NC', 'North Central Zone', NOW(), NOW());
INSERT INTO zonal_offices (id, zonal_code, description, created_at, updated_at) VALUES (4, 'SW', 'South West Zone', NOW(), NOW());
INSERT INTO zonal_offices (id, zonal_code, description, created_at, updated_at) VALUES (5, 'SE', 'South East Zone', NOW(), NOW());
INSERT INTO zonal_offices (id, zonal_code, description, created_at, updated_at) VALUES (6, 'SS', 'South South Zone', NOW(), NOW());
INSERT INTO zonal_offices (id, zonal_code, description, created_at, updated_at) VALUES (7, 'LG', 'Lagos Zone', NOW(), NOW());

-- 2. State Offices
TRUNCATE TABLE state_offices;
INSERT INTO state_offices (id, code, description, zonal_id, created_at, updated_at) VALUES (1, 'SO-01', 'Ondo', 4, NOW(), NOW());
INSERT INTO state_offices (id, code, description, zonal_id, created_at, updated_at) VALUES (2, 'SO-02', 'Oyo', 4, NOW(), NOW());
INSERT INTO state_offices (id, code, description, zonal_id, created_at, updated_at) VALUES (3, 'SO-03', 'Ogun', 4, NOW(), NOW());
INSERT INTO state_offices (id, code, description, zonal_id, created_at, updated_at) VALUES (4, 'SO-04', 'Osun', 4, NOW(), NOW());
INSERT INTO state_offices (id, code, description, zonal_id, created_at, updated_at) VALUES (5, 'SO-05', 'Ekiti', 4, NOW(), NOW());
INSERT INTO state_offices (id, code, description, zonal_id, created_at, updated_at) VALUES (6, 'SO-06', 'Yaba', 7, NOW(), NOW());
INSERT INTO state_offices (id, code, description, zonal_id, created_at, updated_at) VALUES (7, 'SO-07', 'Ikeja', 7, NOW(), NOW());
INSERT INTO state_offices (id, code, description, zonal_id, created_at, updated_at) VALUES (8, 'SO-08', 'Kaduna', 1, NOW(), NOW());
INSERT INTO state_offices (id, code, description, zonal_id, created_at, updated_at) VALUES (9, 'SO-09', 'Kebbi', 1, NOW(), NOW());
INSERT INTO state_offices (id, code, description, zonal_id, created_at, updated_at) VALUES (10, 'SO-10', 'Sokoto', 1, NOW(), NOW());
INSERT INTO state_offices (id, code, description, zonal_id, created_at, updated_at) VALUES (11, 'SO-11', 'Zamfara', 1, NOW(), NOW());
INSERT INTO state_offices (id, code, description, zonal_id, created_at, updated_at) VALUES (12, 'SO-12', 'Jigawa', 1, NOW(), NOW());
INSERT INTO state_offices (id, code, description, zonal_id, created_at, updated_at) VALUES (13, 'SO-13', 'Katsina', 1, NOW(), NOW());
INSERT INTO state_offices (id, code, description, zonal_id, created_at, updated_at) VALUES (14, 'SO-14', 'Kano', 1, NOW(), NOW());
INSERT INTO state_offices (id, code, description, zonal_id, created_at, updated_at) VALUES (15, 'SO-15', 'Kwara', 3, NOW(), NOW());
INSERT INTO state_offices (id, code, description, zonal_id, created_at, updated_at) VALUES (16, 'SO-16', 'Kogi', 3, NOW(), NOW());
INSERT INTO state_offices (id, code, description, zonal_id, created_at, updated_at) VALUES (17, 'SO-17', 'Niger', 3, NOW(), NOW());
INSERT INTO state_offices (id, code, description, zonal_id, created_at, updated_at) VALUES (18, 'SO-18', 'Anambra', 5, NOW(), NOW());
INSERT INTO state_offices (id, code, description, zonal_id, created_at, updated_at) VALUES (19, 'SO-19', 'Ebonyi', 5, NOW(), NOW());
INSERT INTO state_offices (id, code, description, zonal_id, created_at, updated_at) VALUES (20, 'SO-20', 'Imo', 5, NOW(), NOW());
INSERT INTO state_offices (id, code, description, zonal_id, created_at, updated_at) VALUES (21, 'SO-21', 'Abia', 5, NOW(), NOW());
INSERT INTO state_offices (id, code, description, zonal_id, created_at, updated_at) VALUES (22, 'SO-22', 'Enugu', 5, NOW(), NOW());
INSERT INTO state_offices (id, code, description, zonal_id, created_at, updated_at) VALUES (23, 'SO-23', 'Akwa-Ibom', 6, NOW(), NOW());
INSERT INTO state_offices (id, code, description, zonal_id, created_at, updated_at) VALUES (24, 'SO-24', 'Bayelsa', 6, NOW(), NOW());
INSERT INTO state_offices (id, code, description, zonal_id, created_at, updated_at) VALUES (25, 'SO-25', 'Edo', 6, NOW(), NOW());
INSERT INTO state_offices (id, code, description, zonal_id, created_at, updated_at) VALUES (26, 'SO-26', 'Cross Rivers', 6, NOW(), NOW());
INSERT INTO state_offices (id, code, description, zonal_id, created_at, updated_at) VALUES (27, 'SO-27', 'Delta', 6, NOW(), NOW());
INSERT INTO state_offices (id, code, description, zonal_id, created_at, updated_at) VALUES (28, 'SO-28', 'River', 6, NOW(), NOW());
INSERT INTO state_offices (id, code, description, zonal_id, created_at, updated_at) VALUES (29, 'SO-29', 'Adamawa', 2, NOW(), NOW());
INSERT INTO state_offices (id, code, description, zonal_id, created_at, updated_at) VALUES (30, 'SO-30', 'Borno', 2, NOW(), NOW());
INSERT INTO state_offices (id, code, description, zonal_id, created_at, updated_at) VALUES (31, 'SO-31', 'Taraba', 2, NOW(), NOW());
INSERT INTO state_offices (id, code, description, zonal_id, created_at, updated_at) VALUES (32, 'SO-32', 'Yobe', 2, NOW(), NOW());
INSERT INTO state_offices (id, code, description, zonal_id, created_at, updated_at) VALUES (33, 'SO-33', 'Gombe', 2, NOW(), NOW());
INSERT INTO state_offices (id, code, description, zonal_id, created_at, updated_at) VALUES (34, 'SO-34', 'Bauchi', 2, NOW(), NOW());
INSERT INTO state_offices (id, code, description, zonal_id, created_at, updated_at) VALUES (35, 'SO-35', 'Abuja', 3, NOW(), NOW());
INSERT INTO state_offices (id, code, description, zonal_id, created_at, updated_at) VALUES (36, 'SO-36', 'Nasarawa', 3, NOW(), NOW());
INSERT INTO state_offices (id, code, description, zonal_id, created_at, updated_at) VALUES (37, 'SO-37', 'Plateau', 3, NOW(), NOW());
INSERT INTO state_offices (id, code, description, zonal_id, created_at, updated_at) VALUES (38, 'SO-38', 'Benue', 3, NOW(), NOW());

-- 3. Annual Reports 2025
TRUNCATE TABLE annual_reports;
INSERT INTO annual_reports (reference_id, reporting_year, state, staff_no, total_vehicles, total_hcf_under_nhia, total_accredited_hcf, approved_budget, total_amount_utilized, total_accredited_cemonc, total_cemonc_beneficiaries, total_accredited_ffp, total_ffp_beneficiaries, status, submitted_by, created_at, updated_at) VALUES ('NHIA-AR-2025-00001', 2025, 'Ondo', 20, 2, 134, 12, 54618084.7, 0, 6, 331, 0, 0, 'submitted', 'SO · Ondo', NOW(), NOW());
INSERT INTO annual_reports (reference_id, reporting_year, state, staff_no, total_vehicles, total_hcf_under_nhia, total_accredited_hcf, approved_budget, total_amount_utilized, total_accredited_cemonc, total_cemonc_beneficiaries, total_accredited_ffp, total_ffp_beneficiaries, status, submitted_by, created_at, updated_at) VALUES ('NHIA-AR-2025-00002', 2025, 'Oyo', 25, 2, NULL, 16, 53997075, 5640000, 5, 85, 0, 0, 'submitted', 'SO · Oyo', NOW(), NOW());
INSERT INTO annual_reports (reference_id, reporting_year, state, staff_no, total_vehicles, total_hcf_under_nhia, total_accredited_hcf, approved_budget, total_amount_utilized, total_accredited_cemonc, total_cemonc_beneficiaries, total_accredited_ffp, total_ffp_beneficiaries, status, submitted_by, created_at, updated_at) VALUES ('NHIA-AR-2025-00003', 2025, 'Ogun', 18, 2, 218, 28, 49943922.5, 1702379.07, 16, 336, 0, 0, 'submitted', 'SO · Ogun', NOW(), NOW());
INSERT INTO annual_reports (reference_id, reporting_year, state, staff_no, total_vehicles, total_hcf_under_nhia, total_accredited_hcf, approved_budget, total_amount_utilized, total_accredited_cemonc, total_cemonc_beneficiaries, total_accredited_ffp, total_ffp_beneficiaries, status, submitted_by, created_at, updated_at) VALUES ('NHIA-AR-2025-00004', 2025, 'Osun', 20, 2, 115, 12, 47988750, 0, 4, 104, 0, 0, 'submitted', 'SO · Osun', NOW(), NOW());
INSERT INTO annual_reports (reference_id, reporting_year, state, staff_no, total_vehicles, total_hcf_under_nhia, total_accredited_hcf, approved_budget, total_amount_utilized, total_accredited_cemonc, total_cemonc_beneficiaries, total_accredited_ffp, total_ffp_beneficiaries, status, submitted_by, created_at, updated_at) VALUES ('NHIA-AR-2025-00005', 2025, 'Ekiti', 21, 2, 22, 8, 51272000, 0, 6, 690, 0, 0, 'submitted', 'SO · Ekiti', NOW(), NOW());
INSERT INTO annual_reports (reference_id, reporting_year, state, staff_no, total_vehicles, total_hcf_under_nhia, total_accredited_hcf, approved_budget, total_amount_utilized, total_accredited_cemonc, total_cemonc_beneficiaries, total_accredited_ffp, total_ffp_beneficiaries, status, submitted_by, created_at, updated_at) VALUES ('NHIA-AR-2025-00006', 2025, 'Yaba', 17, 2, 566, 72, 55808726.2, 4294650, 13, 58, 0, 0, 'submitted', 'SO · Yaba', NOW(), NOW());
INSERT INTO annual_reports (reference_id, reporting_year, state, staff_no, total_vehicles, total_hcf_under_nhia, total_accredited_hcf, approved_budget, total_amount_utilized, total_accredited_cemonc, total_cemonc_beneficiaries, total_accredited_ffp, total_ffp_beneficiaries, status, submitted_by, created_at, updated_at) VALUES ('NHIA-AR-2025-00007', 2025, 'Ikeja', 22, 3, 949, 58, 54501750, 3822900, 14, 34, 0, 0, 'submitted', 'SO · Ikeja', NOW(), NOW());
INSERT INTO annual_reports (reference_id, reporting_year, state, staff_no, total_vehicles, total_hcf_under_nhia, total_accredited_hcf, approved_budget, total_amount_utilized, total_accredited_cemonc, total_cemonc_beneficiaries, total_accredited_ffp, total_ffp_beneficiaries, status, submitted_by, created_at, updated_at) VALUES ('NHIA-AR-2025-00008', 2025, 'Kaduna', 31, 2, 275, 27, 57530600, 0, 7, 776, 1, 149, 'submitted', 'SO · Kaduna', NOW(), NOW());
INSERT INTO annual_reports (reference_id, reporting_year, state, staff_no, total_vehicles, total_hcf_under_nhia, total_accredited_hcf, approved_budget, total_amount_utilized, total_accredited_cemonc, total_cemonc_beneficiaries, total_accredited_ffp, total_ffp_beneficiaries, status, submitted_by, created_at, updated_at) VALUES ('NHIA-AR-2025-00009', 2025, 'Kebbi', 18, 2, NULL, 0, 41454350, NULL, 4, 2760, NULL, NULL, 'submitted', 'SO · Kebbi', NOW(), NOW());
INSERT INTO annual_reports (reference_id, reporting_year, state, staff_no, total_vehicles, total_hcf_under_nhia, total_accredited_hcf, approved_budget, total_amount_utilized, total_accredited_cemonc, total_cemonc_beneficiaries, total_accredited_ffp, total_ffp_beneficiaries, status, submitted_by, created_at, updated_at) VALUES ('NHIA-AR-2025-00010', 2025, 'Sokoto', 21, 2, 43, 241, 40000000, 0, 5, 198, 1, 283, 'submitted', 'SO · Sokoto', NOW(), NOW());
INSERT INTO annual_reports (reference_id, reporting_year, state, staff_no, total_vehicles, total_hcf_under_nhia, total_accredited_hcf, approved_budget, total_amount_utilized, total_accredited_cemonc, total_cemonc_beneficiaries, total_accredited_ffp, total_ffp_beneficiaries, status, submitted_by, created_at, updated_at) VALUES ('NHIA-AR-2025-00011', 2025, 'Zamfara', 20, 8, 32, 0, 44931200, 0, 5, 1626, 1, 161, 'submitted', 'SO · Zamfara', NOW(), NOW());
INSERT INTO annual_reports (reference_id, reporting_year, state, staff_no, total_vehicles, total_hcf_under_nhia, total_accredited_hcf, approved_budget, total_amount_utilized, total_accredited_cemonc, total_cemonc_beneficiaries, total_accredited_ffp, total_ffp_beneficiaries, status, submitted_by, created_at, updated_at) VALUES ('NHIA-AR-2025-00012', 2025, 'Jigawa', 21, 2, 30, 0, NULL, NULL, NULL, NULL, NULL, NULL, 'submitted', 'SO · Jigawa', NOW(), NOW());
INSERT INTO annual_reports (reference_id, reporting_year, state, staff_no, total_vehicles, total_hcf_under_nhia, total_accredited_hcf, approved_budget, total_amount_utilized, total_accredited_cemonc, total_cemonc_beneficiaries, total_accredited_ffp, total_ffp_beneficiaries, status, submitted_by, created_at, updated_at) VALUES ('NHIA-AR-2025-00013', 2025, 'Katsina', 23, 1, 104, 15, 54532750, 0, 7, 1227, 2, 555, 'submitted', 'SO · Katsina', NOW(), NOW());
INSERT INTO annual_reports (reference_id, reporting_year, state, staff_no, total_vehicles, total_hcf_under_nhia, total_accredited_hcf, approved_budget, total_amount_utilized, total_accredited_cemonc, total_cemonc_beneficiaries, total_accredited_ffp, total_ffp_beneficiaries, status, submitted_by, created_at, updated_at) VALUES ('NHIA-AR-2025-00014', 2025, 'Kano', 23, 2, 212, 696, 57850800, 0, 7, 4425, 3, 496, 'submitted', 'SO · Kano', NOW(), NOW());
INSERT INTO annual_reports (reference_id, reporting_year, state, staff_no, total_vehicles, total_hcf_under_nhia, total_accredited_hcf, approved_budget, total_amount_utilized, total_accredited_cemonc, total_cemonc_beneficiaries, total_accredited_ffp, total_ffp_beneficiaries, status, submitted_by, created_at, updated_at) VALUES ('NHIA-AR-2025-00015', 2025, 'Kwara', 26, 3, 184, 6, 50151499, 8362800, 5, 302, 1, 30, 'submitted', 'SO · Kwara', NOW(), NOW());
INSERT INTO annual_reports (reference_id, reporting_year, state, staff_no, total_vehicles, total_hcf_under_nhia, total_accredited_hcf, approved_budget, total_amount_utilized, total_accredited_cemonc, total_cemonc_beneficiaries, total_accredited_ffp, total_ffp_beneficiaries, status, submitted_by, created_at, updated_at) VALUES ('NHIA-AR-2025-00016', 2025, 'Kogi', 26, 2, 104, 5, 43968500, 14422000, 6, 89, 0, 0, 'submitted', 'SO · Kogi', NOW(), NOW());
INSERT INTO annual_reports (reference_id, reporting_year, state, staff_no, total_vehicles, total_hcf_under_nhia, total_accredited_hcf, approved_budget, total_amount_utilized, total_accredited_cemonc, total_cemonc_beneficiaries, total_accredited_ffp, total_ffp_beneficiaries, status, submitted_by, created_at, updated_at) VALUES ('NHIA-AR-2025-00017', 2025, 'Niger', 26, 2, 114, 0, 44999400, 0, 1, NULL, 1, 0, 'submitted', 'SO · Niger', NOW(), NOW());
INSERT INTO annual_reports (reference_id, reporting_year, state, staff_no, total_vehicles, total_hcf_under_nhia, total_accredited_hcf, approved_budget, total_amount_utilized, total_accredited_cemonc, total_cemonc_beneficiaries, total_accredited_ffp, total_ffp_beneficiaries, status, submitted_by, created_at, updated_at) VALUES ('NHIA-AR-2025-00018', 2025, 'Anambra', 25, 2, 214, 10, 48824700, 0, 1, 681, 0, 4, 'submitted', 'SO · Anambra', NOW(), NOW());
INSERT INTO annual_reports (reference_id, reporting_year, state, staff_no, total_vehicles, total_hcf_under_nhia, total_accredited_hcf, approved_budget, total_amount_utilized, total_accredited_cemonc, total_cemonc_beneficiaries, total_accredited_ffp, total_ffp_beneficiaries, status, submitted_by, created_at, updated_at) VALUES ('NHIA-AR-2025-00019', 2025, 'Ebonyi', 18, 2, 82, 9, 47428530, 2611000, 8, 3417, 1, 130, 'submitted', 'SO · Ebonyi', NOW(), NOW());
INSERT INTO annual_reports (reference_id, reporting_year, state, staff_no, total_vehicles, total_hcf_under_nhia, total_accredited_hcf, approved_budget, total_amount_utilized, total_accredited_cemonc, total_cemonc_beneficiaries, total_accredited_ffp, total_ffp_beneficiaries, status, submitted_by, created_at, updated_at) VALUES ('NHIA-AR-2025-00020', 2025, 'Imo', 23, 2, 201, 9, 54363150, 0, 6, 312, 0, 0, 'submitted', 'SO · Imo', NOW(), NOW());
INSERT INTO annual_reports (reference_id, reporting_year, state, staff_no, total_vehicles, total_hcf_under_nhia, total_accredited_hcf, approved_budget, total_amount_utilized, total_accredited_cemonc, total_cemonc_beneficiaries, total_accredited_ffp, total_ffp_beneficiaries, status, submitted_by, created_at, updated_at) VALUES ('NHIA-AR-2025-00021', 2025, 'Abia', 20, 2, 116, 1, 49953400, 1660625, 5, 213, 0, 0, 'submitted', 'SO · Abia', NOW(), NOW());
INSERT INTO annual_reports (reference_id, reporting_year, state, staff_no, total_vehicles, total_hcf_under_nhia, total_accredited_hcf, approved_budget, total_amount_utilized, total_accredited_cemonc, total_cemonc_beneficiaries, total_accredited_ffp, total_ffp_beneficiaries, status, submitted_by, created_at, updated_at) VALUES ('NHIA-AR-2025-00022', 2025, 'Enugu', 19, 2, 212, 19, 52952550, 0, 8, 962, 0, 0, 'submitted', 'SO · Enugu', NOW(), NOW());
INSERT INTO annual_reports (reference_id, reporting_year, state, staff_no, total_vehicles, total_hcf_under_nhia, total_accredited_hcf, approved_budget, total_amount_utilized, total_accredited_cemonc, total_cemonc_beneficiaries, total_accredited_ffp, total_ffp_beneficiaries, status, submitted_by, created_at, updated_at) VALUES ('NHIA-AR-2025-00023', 2025, 'Akwa-Ibom', 16, 3, 106, 7, 44958827, 3228290, 4, 1560, 1, 110, 'submitted', 'SO · Akwa-Ibom', NOW(), NOW());
INSERT INTO annual_reports (reference_id, reporting_year, state, staff_no, total_vehicles, total_hcf_under_nhia, total_accredited_hcf, approved_budget, total_amount_utilized, total_accredited_cemonc, total_cemonc_beneficiaries, total_accredited_ffp, total_ffp_beneficiaries, status, submitted_by, created_at, updated_at) VALUES ('NHIA-AR-2025-00024', 2025, 'Bayelsa', 18, 2, 95, 9, 48676300, 10800000, 5, 248, NULL, NULL, 'submitted', 'SO · Bayelsa', NOW(), NOW());
INSERT INTO annual_reports (reference_id, reporting_year, state, staff_no, total_vehicles, total_hcf_under_nhia, total_accredited_hcf, approved_budget, total_amount_utilized, total_accredited_cemonc, total_cemonc_beneficiaries, total_accredited_ffp, total_ffp_beneficiaries, status, submitted_by, created_at, updated_at) VALUES ('NHIA-AR-2025-00025', 2025, 'Edo', 24, 3, 199, 15, 47288350, 0, 5, 415, 1, 32, 'submitted', 'SO · Edo', NOW(), NOW());
INSERT INTO annual_reports (reference_id, reporting_year, state, staff_no, total_vehicles, total_hcf_under_nhia, total_accredited_hcf, approved_budget, total_amount_utilized, total_accredited_cemonc, total_cemonc_beneficiaries, total_accredited_ffp, total_ffp_beneficiaries, status, submitted_by, created_at, updated_at) VALUES ('NHIA-AR-2025-00026', 2025, 'Cross Rivers', NULL, NULL, NULL, NULL, 46000000, NULL, 5, 899, NULL, NULL, 'submitted', 'SO · Cross Rivers', NOW(), NOW());
INSERT INTO annual_reports (reference_id, reporting_year, state, staff_no, total_vehicles, total_hcf_under_nhia, total_accredited_hcf, approved_budget, total_amount_utilized, total_accredited_cemonc, total_cemonc_beneficiaries, total_accredited_ffp, total_ffp_beneficiaries, status, submitted_by, created_at, updated_at) VALUES ('NHIA-AR-2025-00027', 2025, 'Delta', 18, 2, 228, 8, 53245000, 1918500, 1, 83, 0, 0, 'submitted', 'SO · Delta', NOW(), NOW());
INSERT INTO annual_reports (reference_id, reporting_year, state, staff_no, total_vehicles, total_hcf_under_nhia, total_accredited_hcf, approved_budget, total_amount_utilized, total_accredited_cemonc, total_cemonc_beneficiaries, total_accredited_ffp, total_ffp_beneficiaries, status, submitted_by, created_at, updated_at) VALUES ('NHIA-AR-2025-00028', 2025, 'River', 17, 3, 370, 15, 55498838, NULL, 3, 196, 0, 0, 'submitted', 'SO · River', NOW(), NOW());
INSERT INTO annual_reports (reference_id, reporting_year, state, staff_no, total_vehicles, total_hcf_under_nhia, total_accredited_hcf, approved_budget, total_amount_utilized, total_accredited_cemonc, total_cemonc_beneficiaries, total_accredited_ffp, total_ffp_beneficiaries, status, submitted_by, created_at, updated_at) VALUES ('NHIA-AR-2025-00029', 2025, 'Adamawa', 19, 2, 66, 9, 52876000, 10818000, 5, 928, 0, 28, 'submitted', 'SO · Adamawa', NOW(), NOW());
INSERT INTO annual_reports (reference_id, reporting_year, state, staff_no, total_vehicles, total_hcf_under_nhia, total_accredited_hcf, approved_budget, total_amount_utilized, total_accredited_cemonc, total_cemonc_beneficiaries, total_accredited_ffp, total_ffp_beneficiaries, status, submitted_by, created_at, updated_at) VALUES ('NHIA-AR-2025-00030', 2025, 'Borno', 20, 3, 78, 78, 47000000, 3500000, 3, 73, 0, 0, 'submitted', 'SO · Borno', NOW(), NOW());
INSERT INTO annual_reports (reference_id, reporting_year, state, staff_no, total_vehicles, total_hcf_under_nhia, total_accredited_hcf, approved_budget, total_amount_utilized, total_accredited_cemonc, total_cemonc_beneficiaries, total_accredited_ffp, total_ffp_beneficiaries, status, submitted_by, created_at, updated_at) VALUES ('NHIA-AR-2025-00031', 2025, 'Taraba', NULL, NULL, NULL, NULL, NULL, NULL, NULL, NULL, NULL, NULL, 'submitted', 'SO · Taraba', NOW(), NOW());
INSERT INTO annual_reports (reference_id, reporting_year, state, staff_no, total_vehicles, total_hcf_under_nhia, total_accredited_hcf, approved_budget, total_amount_utilized, total_accredited_cemonc, total_cemonc_beneficiaries, total_accredited_ffp, total_ffp_beneficiaries, status, submitted_by, created_at, updated_at) VALUES ('NHIA-AR-2025-00032', 2025, 'Yobe', 17, 2, 46, 0, 49899000, 18770000, 5, 664, 1, 105, 'submitted', 'SO · Yobe', NOW(), NOW());
INSERT INTO annual_reports (reference_id, reporting_year, state, staff_no, total_vehicles, total_hcf_under_nhia, total_accredited_hcf, approved_budget, total_amount_utilized, total_accredited_cemonc, total_cemonc_beneficiaries, total_accredited_ffp, total_ffp_beneficiaries, status, submitted_by, created_at, updated_at) VALUES ('NHIA-AR-2025-00033', 2025, 'Gombe', 17, 2, 56, 56, 44765600, 15058320, 6, 2335, 1, 161, 'submitted', 'SO · Gombe', NOW(), NOW());
INSERT INTO annual_reports (reference_id, reporting_year, state, staff_no, total_vehicles, total_hcf_under_nhia, total_accredited_hcf, approved_budget, total_amount_utilized, total_accredited_cemonc, total_cemonc_beneficiaries, total_accredited_ffp, total_ffp_beneficiaries, status, submitted_by, created_at, updated_at) VALUES ('NHIA-AR-2025-00034', 2025, 'Bauchi', 22, 3, 83, 2, 50440812, 12453375, 1, 4538, 1, 455, 'submitted', 'SO · Bauchi', NOW(), NOW());
INSERT INTO annual_reports (reference_id, reporting_year, state, staff_no, total_vehicles, total_hcf_under_nhia, total_accredited_hcf, approved_budget, total_amount_utilized, total_accredited_cemonc, total_cemonc_beneficiaries, total_accredited_ffp, total_ffp_beneficiaries, status, submitted_by, created_at, updated_at) VALUES ('NHIA-AR-2025-00035', 2025, 'Abuja', 28, 3, 545, 606, 49813500, 5350000, 8, 1893, 1, 81, 'submitted', 'SO · Abuja', NOW(), NOW());
INSERT INTO annual_reports (reference_id, reporting_year, state, staff_no, total_vehicles, total_hcf_under_nhia, total_accredited_hcf, approved_budget, total_amount_utilized, total_accredited_cemonc, total_cemonc_beneficiaries, total_accredited_ffp, total_ffp_beneficiaries, status, submitted_by, created_at, updated_at) VALUES ('NHIA-AR-2025-00036', 2025, 'Nasarawa', 22, 2, 127, 127, 44964685, 17062000, 2, 570, NULL, NULL, 'submitted', 'SO · Nasarawa', NOW(), NOW());
INSERT INTO annual_reports (reference_id, reporting_year, state, staff_no, total_vehicles, total_hcf_under_nhia, total_accredited_hcf, approved_budget, total_amount_utilized, total_accredited_cemonc, total_cemonc_beneficiaries, total_accredited_ffp, total_ffp_beneficiaries, status, submitted_by, created_at, updated_at) VALUES ('NHIA-AR-2025-00037', 2025, 'Plateau', 19, 2, 122, 447, 44413635, 1500000, 5, 211, 1, 308, 'submitted', 'SO · Plateau', NOW(), NOW());
INSERT INTO annual_reports (reference_id, reporting_year, state, staff_no, total_vehicles, total_hcf_under_nhia, total_accredited_hcf, approved_budget, total_amount_utilized, total_accredited_cemonc, total_cemonc_beneficiaries, total_accredited_ffp, total_ffp_beneficiaries, status, submitted_by, created_at, updated_at) VALUES ('NHIA-AR-2025-00038', 2025, 'Benue', 22, 2, 209, 13, 44856810, 17877900, 5, 336, 0, 0, 'submitted', 'SO · Benue', NOW(), NOW());

-- 4. Quarterly Data 2025
TRUNCATE TABLE quarterly_data;
INSERT INTO quarterly_data (id, annual_report_ref, category, q1, q2, q3, q4, sub_total, created_at, updated_at) VALUES (1, 'NHIA-AR-2025-00001', 'gifshipEnrolments', 364, 43, 70, 178, 655, NOW(), NOW());
INSERT INTO quarterly_data (id, annual_report_ref, category, q1, q2, q3, q4, sub_total, created_at, updated_at) VALUES (2, 'NHIA-AR-2025-00001', 'premiumGIFSHIP', 8008000, 1664874, 2710260, 6891804, 19274938, NOW(), NOW());
INSERT INTO quarterly_data (id, annual_report_ref, category, q1, q2, q3, q4, sub_total, created_at, updated_at) VALUES (3, 'NHIA-AR-2025-00001', 'ops', 0, 0, 0, 0, 0, NOW(), NOW());
INSERT INTO quarterly_data (id, annual_report_ref, category, q1, q2, q3, q4, sub_total, created_at, updated_at) VALUES (4, 'NHIA-AR-2025-00001', 'newEnrolmentsFSSHIP', 90, 84, 97, 119, 390, NOW(), NOW());
INSERT INTO quarterly_data (id, annual_report_ref, category, q1, q2, q3, q4, sub_total, created_at, updated_at) VALUES (5, 'NHIA-AR-2025-00001', 'extraDependants', 13, 2, 12, 10, 37, NOW(), NOW());
INSERT INTO quarterly_data (id, annual_report_ref, category, q1, q2, q3, q4, sub_total, created_at, updated_at) VALUES (6, 'NHIA-AR-2025-00001', 'premiumExtraDependant', 286000, 77436, 464616, 387180, 1215232, NOW(), NOW());
INSERT INTO quarterly_data (id, annual_report_ref, category, q1, q2, q3, q4, sub_total, created_at, updated_at) VALUES (7, 'NHIA-AR-2025-00001', 'additionalDependants', 171, 150, 126, 156, 603, NOW(), NOW());
INSERT INTO quarterly_data (id, annual_report_ref, category, q1, q2, q3, q4, sub_total, created_at, updated_at) VALUES (8, 'NHIA-AR-2025-00001', 'changeOfProvider', 143, 188, 284, 305, 920, NOW(), NOW());
INSERT INTO quarterly_data (id, annual_report_ref, category, q1, q2, q3, q4, sub_total, created_at, updated_at) VALUES (9, 'NHIA-AR-2025-00002', 'gifshipEnrolments', 1780, 720, 609, 498, 3607, NOW(), NOW());
INSERT INTO quarterly_data (id, annual_report_ref, category, q1, q2, q3, q4, sub_total, created_at, updated_at) VALUES (10, 'NHIA-AR-2025-00002', 'premiumGIFSHIP', 39160000, 27876960, 23579262, 19281564, 109897786, NOW(), NOW());
INSERT INTO quarterly_data (id, annual_report_ref, category, q1, q2, q3, q4, sub_total, created_at, updated_at) VALUES (11, 'NHIA-AR-2025-00002', 'ops', 0, 0, 0, 0, 0, NOW(), NOW());
INSERT INTO quarterly_data (id, annual_report_ref, category, q1, q2, q3, q4, sub_total, created_at, updated_at) VALUES (12, 'NHIA-AR-2025-00002', 'newEnrolmentsFSSHIP', 134, 461, 246, 246, 1087, NOW(), NOW());
INSERT INTO quarterly_data (id, annual_report_ref, category, q1, q2, q3, q4, sub_total, created_at, updated_at) VALUES (13, 'NHIA-AR-2025-00002', 'extraDependants', 68, 13, 9, 12, 102, NOW(), NOW());
INSERT INTO quarterly_data (id, annual_report_ref, category, q1, q2, q3, q4, sub_total, created_at, updated_at) VALUES (14, 'NHIA-AR-2025-00002', 'premiumExtraDependant', 1496000, 503334, 348462, 464616, 2812412, NOW(), NOW());
INSERT INTO quarterly_data (id, annual_report_ref, category, q1, q2, q3, q4, sub_total, created_at, updated_at) VALUES (15, 'NHIA-AR-2025-00002', 'additionalDependants', 287, 130, 161, 144, 722, NOW(), NOW());
INSERT INTO quarterly_data (id, annual_report_ref, category, q1, q2, q3, q4, sub_total, created_at, updated_at) VALUES (16, 'NHIA-AR-2025-00002', 'changeOfProvider', 408, 245, 556, 600, 1809, NOW(), NOW());
INSERT INTO quarterly_data (id, annual_report_ref, category, q1, q2, q3, q4, sub_total, created_at, updated_at) VALUES (17, 'NHIA-AR-2025-00003', 'gifshipEnrolments', 942, 152, 592, 641, 2327, NOW(), NOW());
INSERT INTO quarterly_data (id, annual_report_ref, category, q1, q2, q3, q4, sub_total, created_at, updated_at) VALUES (18, 'NHIA-AR-2025-00003', 'premiumGIFSHIP', 20724000, 7317102, 22987071.6, 25216517.2525, 76244690.8525, NOW(), NOW());
INSERT INTO quarterly_data (id, annual_report_ref, category, q1, q2, q3, q4, sub_total, created_at, updated_at) VALUES (19, 'NHIA-AR-2025-00003', 'ops', 0, 0, 0, 0, 0, NOW(), NOW());
INSERT INTO quarterly_data (id, annual_report_ref, category, q1, q2, q3, q4, sub_total, created_at, updated_at) VALUES (20, 'NHIA-AR-2025-00003', 'newEnrolmentsFSSHIP', 117, 137, 968, 55, 1277, NOW(), NOW());
INSERT INTO quarterly_data (id, annual_report_ref, category, q1, q2, q3, q4, sub_total, created_at, updated_at) VALUES (21, 'NHIA-AR-2025-00003', 'extraDependants', 68, 85, 47, 68, 268, NOW(), NOW());
INSERT INTO quarterly_data (id, annual_report_ref, category, q1, q2, q3, q4, sub_total, created_at, updated_at) VALUES (22, 'NHIA-AR-2025-00003', 'premiumExtraDependant', 1496000, 1880464, 1824846, 2643024, 7844334, NOW(), NOW());
INSERT INTO quarterly_data (id, annual_report_ref, category, q1, q2, q3, q4, sub_total, created_at, updated_at) VALUES (23, 'NHIA-AR-2025-00003', 'additionalDependants', 158, 130, 111, 143, 542, NOW(), NOW());
INSERT INTO quarterly_data (id, annual_report_ref, category, q1, q2, q3, q4, sub_total, created_at, updated_at) VALUES (24, 'NHIA-AR-2025-00003', 'changeOfProvider', 348, 334, 331, 307, 1320, NOW(), NOW());
INSERT INTO quarterly_data (id, annual_report_ref, category, q1, q2, q3, q4, sub_total, created_at, updated_at) VALUES (25, 'NHIA-AR-2025-00004', 'gifshipEnrolments', 1914, 522, 2093, 1529, 6058, NOW(), NOW());
INSERT INTO quarterly_data (id, annual_report_ref, category, q1, q2, q3, q4, sub_total, created_at, updated_at) VALUES (26, 'NHIA-AR-2025-00004', 'premiumGIFSHIP', 40485000, 20201902, 81082604, 59120314, 200889820, NOW(), NOW());
INSERT INTO quarterly_data (id, annual_report_ref, category, q1, q2, q3, q4, sub_total, created_at, updated_at) VALUES (27, 'NHIA-AR-2025-00004', 'ops', 0, 0, 0, 0, 0, NOW(), NOW());
INSERT INTO quarterly_data (id, annual_report_ref, category, q1, q2, q3, q4, sub_total, created_at, updated_at) VALUES (28, 'NHIA-AR-2025-00004', 'newEnrolmentsFSSHIP', 92, 87, 154, 81, 414, NOW(), NOW());
INSERT INTO quarterly_data (id, annual_report_ref, category, q1, q2, q3, q4, sub_total, created_at, updated_at) VALUES (29, 'NHIA-AR-2025-00004', 'extraDependants', 14, 10, 8, 12, 44, NOW(), NOW());
INSERT INTO quarterly_data (id, annual_report_ref, category, q1, q2, q3, q4, sub_total, created_at, updated_at) VALUES (30, 'NHIA-AR-2025-00004', 'premiumExtraDependant', 542052, 387180, 309744, 464616, 1703592, NOW(), NOW());
INSERT INTO quarterly_data (id, annual_report_ref, category, q1, q2, q3, q4, sub_total, created_at, updated_at) VALUES (31, 'NHIA-AR-2025-00004', 'additionalDependants', 96, 95, 91, 157, 439, NOW(), NOW());
INSERT INTO quarterly_data (id, annual_report_ref, category, q1, q2, q3, q4, sub_total, created_at, updated_at) VALUES (32, 'NHIA-AR-2025-00004', 'changeOfProvider', 255, 181, 330, 211, 977, NOW(), NOW());
INSERT INTO quarterly_data (id, annual_report_ref, category, q1, q2, q3, q4, sub_total, created_at, updated_at) VALUES (33, 'NHIA-AR-2025-00005', 'gifshipEnrolments', 268, 70, 133, 116, 587, NOW(), NOW());
INSERT INTO quarterly_data (id, annual_report_ref, category, q1, q2, q3, q4, sub_total, created_at, updated_at) VALUES (34, 'NHIA-AR-2025-00005', 'premiumGIFSHIP', 3696000, 3058722, 4413852, 2908864.54, 14077438.54, NOW(), NOW());
INSERT INTO quarterly_data (id, annual_report_ref, category, q1, q2, q3, q4, sub_total, created_at, updated_at) VALUES (35, 'NHIA-AR-2025-00005', 'ops', 0, 0, 0, 0, 0, NOW(), NOW());
INSERT INTO quarterly_data (id, annual_report_ref, category, q1, q2, q3, q4, sub_total, created_at, updated_at) VALUES (36, 'NHIA-AR-2025-00005', 'newEnrolmentsFSSHIP', 62, 36, 128, 335, 561, NOW(), NOW());
INSERT INTO quarterly_data (id, annual_report_ref, category, q1, q2, q3, q4, sub_total, created_at, updated_at) VALUES (37, 'NHIA-AR-2025-00005', 'extraDependants', 4, 0, 0, 2, 6, NOW(), NOW());
INSERT INTO quarterly_data (id, annual_report_ref, category, q1, q2, q3, q4, sub_total, created_at, updated_at) VALUES (38, 'NHIA-AR-2025-00005', 'premiumExtraDependant', 44000, 0, 77436, 348462, 469898, NOW(), NOW());
INSERT INTO quarterly_data (id, annual_report_ref, category, q1, q2, q3, q4, sub_total, created_at, updated_at) VALUES (39, 'NHIA-AR-2025-00005', 'additionalDependants', 39, 122, 116, 118, 395, NOW(), NOW());
INSERT INTO quarterly_data (id, annual_report_ref, category, q1, q2, q3, q4, sub_total, created_at, updated_at) VALUES (40, 'NHIA-AR-2025-00005', 'changeOfProvider', 146, 104, 142, 262, 654, NOW(), NOW());
INSERT INTO quarterly_data (id, annual_report_ref, category, q1, q2, q3, q4, sub_total, created_at, updated_at) VALUES (41, 'NHIA-AR-2025-00006', 'gifshipEnrolments', 477, 238, 360, 431, 1506, NOW(), NOW());
INSERT INTO quarterly_data (id, annual_report_ref, category, q1, q2, q3, q4, sub_total, created_at, updated_at) VALUES (42, 'NHIA-AR-2025-00006', 'premiumGIFSHIP', 10494000, 9330856, 14247483, 15868745.04, 49941084.04, NOW(), NOW());
INSERT INTO quarterly_data (id, annual_report_ref, category, q1, q2, q3, q4, sub_total, created_at, updated_at) VALUES (43, 'NHIA-AR-2025-00006', 'ops', 0, 0, 0, 0, 0, NOW(), NOW());
INSERT INTO quarterly_data (id, annual_report_ref, category, q1, q2, q3, q4, sub_total, created_at, updated_at) VALUES (44, 'NHIA-AR-2025-00006', 'newEnrolmentsFSSHIP', 684, 356, 369, 203, 1612, NOW(), NOW());
INSERT INTO quarterly_data (id, annual_report_ref, category, q1, q2, q3, q4, sub_total, created_at, updated_at) VALUES (45, 'NHIA-AR-2025-00006', 'extraDependants', 42, 21, 28, 23, 114, NOW(), NOW());
INSERT INTO quarterly_data (id, annual_report_ref, category, q1, q2, q3, q4, sub_total, created_at, updated_at) VALUES (46, 'NHIA-AR-2025-00006', 'premiumExtraDependant', 924000, 813078, 1084104, 890514, 3711696, NOW(), NOW());
INSERT INTO quarterly_data (id, annual_report_ref, category, q1, q2, q3, q4, sub_total, created_at, updated_at) VALUES (47, 'NHIA-AR-2025-00006', 'additionalDependants', 236, 176, 232, 136, 780, NOW(), NOW());
INSERT INTO quarterly_data (id, annual_report_ref, category, q1, q2, q3, q4, sub_total, created_at, updated_at) VALUES (48, 'NHIA-AR-2025-00006', 'changeOfProvider', 991, 586, 689, 630, 2896, NOW(), NOW());
INSERT INTO quarterly_data (id, annual_report_ref, category, q1, q2, q3, q4, sub_total, created_at, updated_at) VALUES (49, 'NHIA-AR-2025-00007', 'gifshipEnrolments', 426, 297, 254, 401, 1378, NOW(), NOW());
INSERT INTO quarterly_data (id, annual_report_ref, category, q1, q2, q3, q4, sub_total, created_at, updated_at) VALUES (50, 'NHIA-AR-2025-00007', 'premiumGIFSHIP', 8052000, 9911960, 8418218.88, 15989283.72, 42371462.6, NOW(), NOW());
INSERT INTO quarterly_data (id, annual_report_ref, category, q1, q2, q3, q4, sub_total, created_at, updated_at) VALUES (51, 'NHIA-AR-2025-00007', 'ops', 0, 0, 0, 0, 0, NOW(), NOW());
INSERT INTO quarterly_data (id, annual_report_ref, category, q1, q2, q3, q4, sub_total, created_at, updated_at) VALUES (52, 'NHIA-AR-2025-00007', 'newEnrolmentsFSSHIP', 0, 0, 1096, 405, 1501, NOW(), NOW());
INSERT INTO quarterly_data (id, annual_report_ref, category, q1, q2, q3, q4, sub_total, created_at, updated_at) VALUES (53, 'NHIA-AR-2025-00007', 'extraDependants', 35, 12, 9, 8, 64, NOW(), NOW());
INSERT INTO quarterly_data (id, annual_report_ref, category, q1, q2, q3, q4, sub_total, created_at, updated_at) VALUES (54, 'NHIA-AR-2025-00007', 'premiumExtraDependant', 264000, 462804, 310344, 310944, 1348092, NOW(), NOW());
INSERT INTO quarterly_data (id, annual_report_ref, category, q1, q2, q3, q4, sub_total, created_at, updated_at) VALUES (55, 'NHIA-AR-2025-00007', 'additionalDependants', 156, 64, 84, 87, 391, NOW(), NOW());
INSERT INTO quarterly_data (id, annual_report_ref, category, q1, q2, q3, q4, sub_total, created_at, updated_at) VALUES (56, 'NHIA-AR-2025-00007', 'changeOfProvider', 315, 215, 369, 367, 1266, NOW(), NOW());
INSERT INTO quarterly_data (id, annual_report_ref, category, q1, q2, q3, q4, sub_total, created_at, updated_at) VALUES (57, 'NHIA-AR-2025-00008', 'gifshipEnrolments', 489, 204, 223, 92, 1008, NOW(), NOW());
INSERT INTO quarterly_data (id, annual_report_ref, category, q1, q2, q3, q4, sub_total, created_at, updated_at) VALUES (58, 'NHIA-AR-2025-00008', 'premiumGIFSHIP', 10758000, 7898472, 8634114, 3562056, 30852642, NOW(), NOW());
INSERT INTO quarterly_data (id, annual_report_ref, category, q1, q2, q3, q4, sub_total, created_at, updated_at) VALUES (59, 'NHIA-AR-2025-00008', 'ops', 209, 209, 209, 209, 836, NOW(), NOW());
INSERT INTO quarterly_data (id, annual_report_ref, category, q1, q2, q3, q4, sub_total, created_at, updated_at) VALUES (60, 'NHIA-AR-2025-00008', 'newEnrolmentsFSSHIP', 698, 4260, 1527, 553, 7038, NOW(), NOW());
INSERT INTO quarterly_data (id, annual_report_ref, category, q1, q2, q3, q4, sub_total, created_at, updated_at) VALUES (61, 'NHIA-AR-2025-00008', 'extraDependants', 83, 72, 62, 57, 274, NOW(), NOW());
INSERT INTO quarterly_data (id, annual_report_ref, category, q1, q2, q3, q4, sub_total, created_at, updated_at) VALUES (62, 'NHIA-AR-2025-00008', 'premiumExtraDependant', 1826000, 2787696, 2400516, 2206926, 9221138, NOW(), NOW());
INSERT INTO quarterly_data (id, annual_report_ref, category, q1, q2, q3, q4, sub_total, created_at, updated_at) VALUES (63, 'NHIA-AR-2025-00008', 'additionalDependants', 504, 392, 366, 524, 1786, NOW(), NOW());
INSERT INTO quarterly_data (id, annual_report_ref, category, q1, q2, q3, q4, sub_total, created_at, updated_at) VALUES (64, 'NHIA-AR-2025-00008', 'changeOfProvider', 167, 83, 227, 190, 667, NOW(), NOW());
INSERT INTO quarterly_data (id, annual_report_ref, category, q1, q2, q3, q4, sub_total, created_at, updated_at) VALUES (65, 'NHIA-AR-2025-00009', 'gifshipEnrolments', 0, 0, 0, 0, 0, NOW(), NOW());
INSERT INTO quarterly_data (id, annual_report_ref, category, q1, q2, q3, q4, sub_total, created_at, updated_at) VALUES (66, 'NHIA-AR-2025-00009', 'premiumGIFSHIP', 0, 0, 0, 0, 0, NOW(), NOW());
INSERT INTO quarterly_data (id, annual_report_ref, category, q1, q2, q3, q4, sub_total, created_at, updated_at) VALUES (67, 'NHIA-AR-2025-00009', 'ops', 0, 0, 0, 0, 0, NOW(), NOW());
INSERT INTO quarterly_data (id, annual_report_ref, category, q1, q2, q3, q4, sub_total, created_at, updated_at) VALUES (68, 'NHIA-AR-2025-00009', 'newEnrolmentsFSSHIP', 0, 0, 0, 0, 0, NOW(), NOW());
INSERT INTO quarterly_data (id, annual_report_ref, category, q1, q2, q3, q4, sub_total, created_at, updated_at) VALUES (69, 'NHIA-AR-2025-00009', 'extraDependants', 0, 0, 0, 0, 0, NOW(), NOW());
INSERT INTO quarterly_data (id, annual_report_ref, category, q1, q2, q3, q4, sub_total, created_at, updated_at) VALUES (70, 'NHIA-AR-2025-00009', 'premiumExtraDependant', 0, 0, 0, 0, 0, NOW(), NOW());
INSERT INTO quarterly_data (id, annual_report_ref, category, q1, q2, q3, q4, sub_total, created_at, updated_at) VALUES (71, 'NHIA-AR-2025-00009', 'additionalDependants', 0, 0, 0, 0, 0, NOW(), NOW());
INSERT INTO quarterly_data (id, annual_report_ref, category, q1, q2, q3, q4, sub_total, created_at, updated_at) VALUES (72, 'NHIA-AR-2025-00009', 'changeOfProvider', 0, 0, 0, 0, 0, NOW(), NOW());
INSERT INTO quarterly_data (id, annual_report_ref, category, q1, q2, q3, q4, sub_total, created_at, updated_at) VALUES (73, 'NHIA-AR-2025-00010', 'gifshipEnrolments', 32, 6, 55, 27, 120, NOW(), NOW());
INSERT INTO quarterly_data (id, annual_report_ref, category, q1, q2, q3, q4, sub_total, created_at, updated_at) VALUES (74, 'NHIA-AR-2025-00010', 'premiumGIFSHIP', 704000, 132000, 1210000, 1045386, 3091386, NOW(), NOW());
INSERT INTO quarterly_data (id, annual_report_ref, category, q1, q2, q3, q4, sub_total, created_at, updated_at) VALUES (75, 'NHIA-AR-2025-00010', 'ops', 0, 0, 0, 0, 0, NOW(), NOW());
INSERT INTO quarterly_data (id, annual_report_ref, category, q1, q2, q3, q4, sub_total, created_at, updated_at) VALUES (76, 'NHIA-AR-2025-00010', 'newEnrolmentsFSSHIP', 100, 0, 487, 87, 674, NOW(), NOW());
INSERT INTO quarterly_data (id, annual_report_ref, category, q1, q2, q3, q4, sub_total, created_at, updated_at) VALUES (77, 'NHIA-AR-2025-00010', 'extraDependants', 16, 8, 13, 9, 46, NOW(), NOW());
INSERT INTO quarterly_data (id, annual_report_ref, category, q1, q2, q3, q4, sub_total, created_at, updated_at) VALUES (78, 'NHIA-AR-2025-00010', 'premiumExtraDependant', 352000, 176000, 286000, 348462, 1162462, NOW(), NOW());
INSERT INTO quarterly_data (id, annual_report_ref, category, q1, q2, q3, q4, sub_total, created_at, updated_at) VALUES (79, 'NHIA-AR-2025-00010', 'additionalDependants', 117, 115, 154, 80, 466, NOW(), NOW());
INSERT INTO quarterly_data (id, annual_report_ref, category, q1, q2, q3, q4, sub_total, created_at, updated_at) VALUES (80, 'NHIA-AR-2025-00010', 'changeOfProvider', 50, 43, 69, 80, 242, NOW(), NOW());
INSERT INTO quarterly_data (id, annual_report_ref, category, q1, q2, q3, q4, sub_total, created_at, updated_at) VALUES (81, 'NHIA-AR-2025-00011', 'gifshipEnrolments', 48, 0, 3, 10, 61, NOW(), NOW());
INSERT INTO quarterly_data (id, annual_report_ref, category, q1, q2, q3, q4, sub_total, created_at, updated_at) VALUES (82, 'NHIA-AR-2025-00011', 'premiumGIFSHIP', 1063200, 0, 116154, 387180, 1566534, NOW(), NOW());
INSERT INTO quarterly_data (id, annual_report_ref, category, q1, q2, q3, q4, sub_total, created_at, updated_at) VALUES (83, 'NHIA-AR-2025-00011', 'ops', 0, 0, 0, 0, 0, NOW(), NOW());
INSERT INTO quarterly_data (id, annual_report_ref, category, q1, q2, q3, q4, sub_total, created_at, updated_at) VALUES (84, 'NHIA-AR-2025-00011', 'newEnrolmentsFSSHIP', 191, 155, 142, 161, 649, NOW(), NOW());
INSERT INTO quarterly_data (id, annual_report_ref, category, q1, q2, q3, q4, sub_total, created_at, updated_at) VALUES (85, 'NHIA-AR-2025-00011', 'extraDependants', 19, 8, 16, 17, 60, NOW(), NOW());
INSERT INTO quarterly_data (id, annual_report_ref, category, q1, q2, q3, q4, sub_total, created_at, updated_at) VALUES (86, 'NHIA-AR-2025-00011', 'premiumExtraDependant', 420100, 309744, 619488, 658206, 2007538, NOW(), NOW());
INSERT INTO quarterly_data (id, annual_report_ref, category, q1, q2, q3, q4, sub_total, created_at, updated_at) VALUES (87, 'NHIA-AR-2025-00011', 'additionalDependants', 154, 119, 138, 160, 571, NOW(), NOW());
INSERT INTO quarterly_data (id, annual_report_ref, category, q1, q2, q3, q4, sub_total, created_at, updated_at) VALUES (88, 'NHIA-AR-2025-00011', 'changeOfProvider', 86, 92, 142, 243, 563, NOW(), NOW());
INSERT INTO quarterly_data (id, annual_report_ref, category, q1, q2, q3, q4, sub_total, created_at, updated_at) VALUES (89, 'NHIA-AR-2025-00012', 'gifshipEnrolments', 0, 0, 0, 0, 0, NOW(), NOW());
INSERT INTO quarterly_data (id, annual_report_ref, category, q1, q2, q3, q4, sub_total, created_at, updated_at) VALUES (90, 'NHIA-AR-2025-00012', 'premiumGIFSHIP', 0, 0, 0, 0, 0, NOW(), NOW());
INSERT INTO quarterly_data (id, annual_report_ref, category, q1, q2, q3, q4, sub_total, created_at, updated_at) VALUES (91, 'NHIA-AR-2025-00012', 'ops', 0, 0, 0, 0, 0, NOW(), NOW());
INSERT INTO quarterly_data (id, annual_report_ref, category, q1, q2, q3, q4, sub_total, created_at, updated_at) VALUES (92, 'NHIA-AR-2025-00012', 'newEnrolmentsFSSHIP', 0, 0, 0, 0, 0, NOW(), NOW());
INSERT INTO quarterly_data (id, annual_report_ref, category, q1, q2, q3, q4, sub_total, created_at, updated_at) VALUES (93, 'NHIA-AR-2025-00012', 'extraDependants', 0, 0, 0, 0, 0, NOW(), NOW());
INSERT INTO quarterly_data (id, annual_report_ref, category, q1, q2, q3, q4, sub_total, created_at, updated_at) VALUES (94, 'NHIA-AR-2025-00012', 'premiumExtraDependant', 0, 0, 0, 0, 0, NOW(), NOW());
INSERT INTO quarterly_data (id, annual_report_ref, category, q1, q2, q3, q4, sub_total, created_at, updated_at) VALUES (95, 'NHIA-AR-2025-00012', 'additionalDependants', 0, 0, 0, 0, 0, NOW(), NOW());
INSERT INTO quarterly_data (id, annual_report_ref, category, q1, q2, q3, q4, sub_total, created_at, updated_at) VALUES (96, 'NHIA-AR-2025-00012', 'changeOfProvider', 0, 0, 0, 0, 0, NOW(), NOW());
INSERT INTO quarterly_data (id, annual_report_ref, category, q1, q2, q3, q4, sub_total, created_at, updated_at) VALUES (97, 'NHIA-AR-2025-00013', 'gifshipEnrolments', 39, 7, 107, 3, 156, NOW(), NOW());
INSERT INTO quarterly_data (id, annual_report_ref, category, q1, q2, q3, q4, sub_total, created_at, updated_at) VALUES (98, 'NHIA-AR-2025-00013', 'premiumGIFSHIP', 858000, 154000, 4142826, 116154, 5270980, NOW(), NOW());
INSERT INTO quarterly_data (id, annual_report_ref, category, q1, q2, q3, q4, sub_total, created_at, updated_at) VALUES (99, 'NHIA-AR-2025-00013', 'ops', 0, 0, 0, 0, 0, NOW(), NOW());
INSERT INTO quarterly_data (id, annual_report_ref, category, q1, q2, q3, q4, sub_total, created_at, updated_at) VALUES (100, 'NHIA-AR-2025-00013', 'newEnrolmentsFSSHIP', 2545, 198, 456, 448, 3647, NOW(), NOW());
INSERT INTO quarterly_data (id, annual_report_ref, category, q1, q2, q3, q4, sub_total, created_at, updated_at) VALUES (101, 'NHIA-AR-2025-00013', 'extraDependants', 46, 4, 9, 16, 75, NOW(), NOW());
INSERT INTO quarterly_data (id, annual_report_ref, category, q1, q2, q3, q4, sub_total, created_at, updated_at) VALUES (102, 'NHIA-AR-2025-00013', 'premiumExtraDependant', 88000, 198000, 348462, 619488, 1253950, NOW(), NOW());
INSERT INTO quarterly_data (id, annual_report_ref, category, q1, q2, q3, q4, sub_total, created_at, updated_at) VALUES (103, 'NHIA-AR-2025-00013', 'additionalDependants', 337, 224, 166, 230, 957, NOW(), NOW());
INSERT INTO quarterly_data (id, annual_report_ref, category, q1, q2, q3, q4, sub_total, created_at, updated_at) VALUES (104, 'NHIA-AR-2025-00013', 'changeOfProvider', 143, 101, 146, 184, 574, NOW(), NOW());
INSERT INTO quarterly_data (id, annual_report_ref, category, q1, q2, q3, q4, sub_total, created_at, updated_at) VALUES (105, 'NHIA-AR-2025-00014', 'gifshipEnrolments', 611, 187, 215, 137, 1150, NOW(), NOW());
INSERT INTO quarterly_data (id, annual_report_ref, category, q1, q2, q3, q4, sub_total, created_at, updated_at) VALUES (106, 'NHIA-AR-2025-00014', 'premiumGIFSHIP', 9165000, 7240266, 8324370, 5304366, 30034002, NOW(), NOW());
INSERT INTO quarterly_data (id, annual_report_ref, category, q1, q2, q3, q4, sub_total, created_at, updated_at) VALUES (107, 'NHIA-AR-2025-00014', 'ops', 102, 102, 102, 102, 408, NOW(), NOW());
INSERT INTO quarterly_data (id, annual_report_ref, category, q1, q2, q3, q4, sub_total, created_at, updated_at) VALUES (108, 'NHIA-AR-2025-00014', 'newEnrolmentsFSSHIP', 280, 274, 850, 125, 1529, NOW(), NOW());
INSERT INTO quarterly_data (id, annual_report_ref, category, q1, q2, q3, q4, sub_total, created_at, updated_at) VALUES (109, 'NHIA-AR-2025-00014', 'extraDependants', 274, 75, 115, 68, 532, NOW(), NOW());
INSERT INTO quarterly_data (id, annual_report_ref, category, q1, q2, q3, q4, sub_total, created_at, updated_at) VALUES (110, 'NHIA-AR-2025-00014', 'premiumExtraDependant', 4110000, 2903850, 4452570, 2632824, 14099244, NOW(), NOW());
INSERT INTO quarterly_data (id, annual_report_ref, category, q1, q2, q3, q4, sub_total, created_at, updated_at) VALUES (111, 'NHIA-AR-2025-00014', 'additionalDependants', 651, 393, 599, 323, 1966, NOW(), NOW());
INSERT INTO quarterly_data (id, annual_report_ref, category, q1, q2, q3, q4, sub_total, created_at, updated_at) VALUES (112, 'NHIA-AR-2025-00014', 'changeOfProvider', 258, 212, 560, 731, 1761, NOW(), NOW());
INSERT INTO quarterly_data (id, annual_report_ref, category, q1, q2, q3, q4, sub_total, created_at, updated_at) VALUES (113, 'NHIA-AR-2025-00015', 'gifshipEnrolments', 673, 334, 261, 187, 1455, NOW(), NOW());
INSERT INTO quarterly_data (id, annual_report_ref, category, q1, q2, q3, q4, sub_total, created_at, updated_at) VALUES (114, 'NHIA-AR-2025-00015', 'premiumGIFSHIP', 14828000, 9930333, 10169583, 9862299.36, 44790215.36, NOW(), NOW());
INSERT INTO quarterly_data (id, annual_report_ref, category, q1, q2, q3, q4, sub_total, created_at, updated_at) VALUES (115, 'NHIA-AR-2025-00015', 'ops', 0, 0, 0, 0, 0, NOW(), NOW());
INSERT INTO quarterly_data (id, annual_report_ref, category, q1, q2, q3, q4, sub_total, created_at, updated_at) VALUES (116, 'NHIA-AR-2025-00015', 'newEnrolmentsFSSHIP', 362, 216, 271, 271, 1120, NOW(), NOW());
INSERT INTO quarterly_data (id, annual_report_ref, category, q1, q2, q3, q4, sub_total, created_at, updated_at) VALUES (117, 'NHIA-AR-2025-00015', 'extraDependants', 26, 22, 26, 19, 93, NOW(), NOW());
INSERT INTO quarterly_data (id, annual_report_ref, category, q1, q2, q3, q4, sub_total, created_at, updated_at) VALUES (118, 'NHIA-AR-2025-00015', 'premiumExtraDependant', 572000, 851796, 1006668, 735642, 3166106, NOW(), NOW());
INSERT INTO quarterly_data (id, annual_report_ref, category, q1, q2, q3, q4, sub_total, created_at, updated_at) VALUES (119, 'NHIA-AR-2025-00015', 'additionalDependants', 213, 163, 350, 189, 915, NOW(), NOW());
INSERT INTO quarterly_data (id, annual_report_ref, category, q1, q2, q3, q4, sub_total, created_at, updated_at) VALUES (120, 'NHIA-AR-2025-00015', 'changeOfProvider', 214, 220, 299, 319, 1052, NOW(), NOW());
INSERT INTO quarterly_data (id, annual_report_ref, category, q1, q2, q3, q4, sub_total, created_at, updated_at) VALUES (121, 'NHIA-AR-2025-00016', 'gifshipEnrolments', 57, 31, 60, 27, 175, NOW(), NOW());
INSERT INTO quarterly_data (id, annual_report_ref, category, q1, q2, q3, q4, sub_total, created_at, updated_at) VALUES (122, 'NHIA-AR-2025-00016', 'premiumGIFSHIP', 1254000, 682000, 2206926, 1045386, 5188312, NOW(), NOW());
INSERT INTO quarterly_data (id, annual_report_ref, category, q1, q2, q3, q4, sub_total, created_at, updated_at) VALUES (123, 'NHIA-AR-2025-00016', 'ops', 0, 0, 0, 0, 0, NOW(), NOW());
INSERT INTO quarterly_data (id, annual_report_ref, category, q1, q2, q3, q4, sub_total, created_at, updated_at) VALUES (124, 'NHIA-AR-2025-00016', 'newEnrolmentsFSSHIP', 161, 54, 132, 42, 389, NOW(), NOW());
INSERT INTO quarterly_data (id, annual_report_ref, category, q1, q2, q3, q4, sub_total, created_at, updated_at) VALUES (125, 'NHIA-AR-2025-00016', 'extraDependants', 7, 8, 9, 10, 34, NOW(), NOW());
INSERT INTO quarterly_data (id, annual_report_ref, category, q1, q2, q3, q4, sub_total, created_at, updated_at) VALUES (126, 'NHIA-AR-2025-00016', 'premiumExtraDependant', 105000, 176000, 348462, 387180, 1016642, NOW(), NOW());
INSERT INTO quarterly_data (id, annual_report_ref, category, q1, q2, q3, q4, sub_total, created_at, updated_at) VALUES (127, 'NHIA-AR-2025-00016', 'additionalDependants', 119, 78, 113, 69, 379, NOW(), NOW());
INSERT INTO quarterly_data (id, annual_report_ref, category, q1, q2, q3, q4, sub_total, created_at, updated_at) VALUES (128, 'NHIA-AR-2025-00016', 'changeOfProvider', 546, 297, 216, 192, 1251, NOW(), NOW());
INSERT INTO quarterly_data (id, annual_report_ref, category, q1, q2, q3, q4, sub_total, created_at, updated_at) VALUES (129, 'NHIA-AR-2025-00017', 'gifshipEnrolments', 34, 0, 29, 90, 153, NOW(), NOW());
INSERT INTO quarterly_data (id, annual_report_ref, category, q1, q2, q3, q4, sub_total, created_at, updated_at) VALUES (130, 'NHIA-AR-2025-00017', 'premiumGIFSHIP', 1276000, 0, 1122801, 3484555, 5883356, NOW(), NOW());
INSERT INTO quarterly_data (id, annual_report_ref, category, q1, q2, q3, q4, sub_total, created_at, updated_at) VALUES (131, 'NHIA-AR-2025-00017', 'ops', 336, 0, 0, 0, 336, NOW(), NOW());
INSERT INTO quarterly_data (id, annual_report_ref, category, q1, q2, q3, q4, sub_total, created_at, updated_at) VALUES (132, 'NHIA-AR-2025-00017', 'newEnrolmentsFSSHIP', 263, 116, 184, 184, 747, NOW(), NOW());
INSERT INTO quarterly_data (id, annual_report_ref, category, q1, q2, q3, q4, sub_total, created_at, updated_at) VALUES (133, 'NHIA-AR-2025-00017', 'extraDependants', 19, 17, 28, 20, 84, NOW(), NOW());
INSERT INTO quarterly_data (id, annual_report_ref, category, q1, q2, q3, q4, sub_total, created_at, updated_at) VALUES (134, 'NHIA-AR-2025-00017', 'premiumExtraDependant', 418000, 387180, 917318, 607840, 2330338, NOW(), NOW());
INSERT INTO quarterly_data (id, annual_report_ref, category, q1, q2, q3, q4, sub_total, created_at, updated_at) VALUES (135, 'NHIA-AR-2025-00017', 'additionalDependants', 163, 172, 134, 98, 567, NOW(), NOW());
INSERT INTO quarterly_data (id, annual_report_ref, category, q1, q2, q3, q4, sub_total, created_at, updated_at) VALUES (136, 'NHIA-AR-2025-00017', 'changeOfProvider', 113, 209, 181, 217, 720, NOW(), NOW());
INSERT INTO quarterly_data (id, annual_report_ref, category, q1, q2, q3, q4, sub_total, created_at, updated_at) VALUES (137, 'NHIA-AR-2025-00018', 'gifshipEnrolments', 327, 56, 79, 632, 1094, NOW(), NOW());
INSERT INTO quarterly_data (id, annual_report_ref, category, q1, q2, q3, q4, sub_total, created_at, updated_at) VALUES (138, 'NHIA-AR-2025-00018', 'premiumGIFSHIP', 7194000, 1239200, 3058722, 24469776, 35961698, NOW(), NOW());
INSERT INTO quarterly_data (id, annual_report_ref, category, q1, q2, q3, q4, sub_total, created_at, updated_at) VALUES (139, 'NHIA-AR-2025-00018', 'ops', 0, 0, 0, 0, 0, NOW(), NOW());
INSERT INTO quarterly_data (id, annual_report_ref, category, q1, q2, q3, q4, sub_total, created_at, updated_at) VALUES (140, 'NHIA-AR-2025-00018', 'newEnrolmentsFSSHIP', 177, 128, 260, 56, 621, NOW(), NOW());
INSERT INTO quarterly_data (id, annual_report_ref, category, q1, q2, q3, q4, sub_total, created_at, updated_at) VALUES (141, 'NHIA-AR-2025-00018', 'extraDependants', 17, 33, 15, 18, 83, NOW(), NOW());
INSERT INTO quarterly_data (id, annual_report_ref, category, q1, q2, q3, q4, sub_total, created_at, updated_at) VALUES (142, 'NHIA-AR-2025-00018', 'premiumExtraDependant', 374000, 806642, 581268, 699624, 2461534, NOW(), NOW());
INSERT INTO quarterly_data (id, annual_report_ref, category, q1, q2, q3, q4, sub_total, created_at, updated_at) VALUES (143, 'NHIA-AR-2025-00018', 'additionalDependants', 70, 61, 87, 121, 339, NOW(), NOW());
INSERT INTO quarterly_data (id, annual_report_ref, category, q1, q2, q3, q4, sub_total, created_at, updated_at) VALUES (144, 'NHIA-AR-2025-00018', 'changeOfProvider', 259, 133, 157, 248, 797, NOW(), NOW());
INSERT INTO quarterly_data (id, annual_report_ref, category, q1, q2, q3, q4, sub_total, created_at, updated_at) VALUES (145, 'NHIA-AR-2025-00019', 'gifshipEnrolments', 17468, 51, 67, 235, 17821, NOW(), NOW());
INSERT INTO quarterly_data (id, annual_report_ref, category, q1, q2, q3, q4, sub_total, created_at, updated_at) VALUES (146, 'NHIA-AR-2025-00019', 'premiumGIFSHIP', 385866450, 1628577.75, 2241333.84, 3151652.26, 392888013.84999996, NOW(), NOW());
INSERT INTO quarterly_data (id, annual_report_ref, category, q1, q2, q3, q4, sub_total, created_at, updated_at) VALUES (147, 'NHIA-AR-2025-00019', 'ops', 0, 0, 0, 0, 0, NOW(), NOW());
INSERT INTO quarterly_data (id, annual_report_ref, category, q1, q2, q3, q4, sub_total, created_at, updated_at) VALUES (148, 'NHIA-AR-2025-00019', 'newEnrolmentsFSSHIP', 188, 163, 290, 168, 809, NOW(), NOW());
INSERT INTO quarterly_data (id, annual_report_ref, category, q1, q2, q3, q4, sub_total, created_at, updated_at) VALUES (149, 'NHIA-AR-2025-00019', 'extraDependants', 31, 15, 40, 22, 108, NOW(), NOW());
INSERT INTO quarterly_data (id, annual_report_ref, category, q1, q2, q3, q4, sub_total, created_at, updated_at) VALUES (150, 'NHIA-AR-2025-00019', 'premiumExtraDependant', 572000, 996616, 1173797.62, 892381.25, 3634794.87, NOW(), NOW());
INSERT INTO quarterly_data (id, annual_report_ref, category, q1, q2, q3, q4, sub_total, created_at, updated_at) VALUES (151, 'NHIA-AR-2025-00019', 'additionalDependants', 174, 133, 184, 137, 628, NOW(), NOW());
INSERT INTO quarterly_data (id, annual_report_ref, category, q1, q2, q3, q4, sub_total, created_at, updated_at) VALUES (152, 'NHIA-AR-2025-00019', 'changeOfProvider', 241, 249, 270, 255, 1015, NOW(), NOW());
INSERT INTO quarterly_data (id, annual_report_ref, category, q1, q2, q3, q4, sub_total, created_at, updated_at) VALUES (153, 'NHIA-AR-2025-00020', 'gifshipEnrolments', 631, 318, 399, 565, 1913, NOW(), NOW());
INSERT INTO quarterly_data (id, annual_report_ref, category, q1, q2, q3, q4, sub_total, created_at, updated_at) VALUES (154, 'NHIA-AR-2025-00020', 'premiumGIFSHIP', 14344000, 14501568, 17197813, 20977288.28, 67020669.28, NOW(), NOW());
INSERT INTO quarterly_data (id, annual_report_ref, category, q1, q2, q3, q4, sub_total, created_at, updated_at) VALUES (155, 'NHIA-AR-2025-00020', 'ops', 0, 0, 0, 0, 0, NOW(), NOW());
INSERT INTO quarterly_data (id, annual_report_ref, category, q1, q2, q3, q4, sub_total, created_at, updated_at) VALUES (156, 'NHIA-AR-2025-00020', 'newEnrolmentsFSSHIP', 72, 105, 114, 122, 413, NOW(), NOW());
INSERT INTO quarterly_data (id, annual_report_ref, category, q1, q2, q3, q4, sub_total, created_at, updated_at) VALUES (157, 'NHIA-AR-2025-00020', 'extraDependants', 0, 0, 21, 24, 45, NOW(), NOW());
INSERT INTO quarterly_data (id, annual_report_ref, category, q1, q2, q3, q4, sub_total, created_at, updated_at) VALUES (158, 'NHIA-AR-2025-00020', 'premiumExtraDependant', 704000, 615088, 840896, 964350, 3124334, NOW(), NOW());
INSERT INTO quarterly_data (id, annual_report_ref, category, q1, q2, q3, q4, sub_total, created_at, updated_at) VALUES (159, 'NHIA-AR-2025-00020', 'additionalDependants', 102, 94, 153, 101, 450, NOW(), NOW());
INSERT INTO quarterly_data (id, annual_report_ref, category, q1, q2, q3, q4, sub_total, created_at, updated_at) VALUES (160, 'NHIA-AR-2025-00020', 'changeOfProvider', 147, 134, 151, 138, 570, NOW(), NOW());
INSERT INTO quarterly_data (id, annual_report_ref, category, q1, q2, q3, q4, sub_total, created_at, updated_at) VALUES (161, 'NHIA-AR-2025-00021', 'gifshipEnrolments', 199, 99, 89, 165, 552, NOW(), NOW());
INSERT INTO quarterly_data (id, annual_report_ref, category, q1, q2, q3, q4, sub_total, created_at, updated_at) VALUES (162, 'NHIA-AR-2025-00021', 'premiumGIFSHIP', 2546950, 2677302, 2555388, 4082252, 11861892, NOW(), NOW());
INSERT INTO quarterly_data (id, annual_report_ref, category, q1, q2, q3, q4, sub_total, created_at, updated_at) VALUES (163, 'NHIA-AR-2025-00021', 'ops', 0, 0, 0, 0, 0, NOW(), NOW());
INSERT INTO quarterly_data (id, annual_report_ref, category, q1, q2, q3, q4, sub_total, created_at, updated_at) VALUES (164, 'NHIA-AR-2025-00021', 'newEnrolmentsFSSHIP', 151, 112, 104, 78, 445, NOW(), NOW());
INSERT INTO quarterly_data (id, annual_report_ref, category, q1, q2, q3, q4, sub_total, created_at, updated_at) VALUES (165, 'NHIA-AR-2025-00021', 'extraDependants', 12, 10, 13, 6, 41, NOW(), NOW());
INSERT INTO quarterly_data (id, annual_report_ref, category, q1, q2, q3, q4, sub_total, created_at, updated_at) VALUES (166, 'NHIA-AR-2025-00021', 'premiumExtraDependant', 221500, 348462, 426048, 155172, 1151182, NOW(), NOW());
INSERT INTO quarterly_data (id, annual_report_ref, category, q1, q2, q3, q4, sub_total, created_at, updated_at) VALUES (167, 'NHIA-AR-2025-00021', 'additionalDependants', 118, 100, 112, 95, 425, NOW(), NOW());
INSERT INTO quarterly_data (id, annual_report_ref, category, q1, q2, q3, q4, sub_total, created_at, updated_at) VALUES (168, 'NHIA-AR-2025-00021', 'changeOfProvider', 209, 235, 149, 163, 756, NOW(), NOW());
INSERT INTO quarterly_data (id, annual_report_ref, category, q1, q2, q3, q4, sub_total, created_at, updated_at) VALUES (169, 'NHIA-AR-2025-00022', 'gifshipEnrolments', 877, 297, 236, 349, 1759, NOW(), NOW());
INSERT INTO quarterly_data (id, annual_report_ref, category, q1, q2, q3, q4, sub_total, created_at, updated_at) VALUES (170, 'NHIA-AR-2025-00022', 'premiumGIFSHIP', 19425550, 11499246, 9048849.6, 12975031.41, 52948677.010000005, NOW(), NOW());
INSERT INTO quarterly_data (id, annual_report_ref, category, q1, q2, q3, q4, sub_total, created_at, updated_at) VALUES (171, 'NHIA-AR-2025-00022', 'ops', 0, 0, 0, 58, 58, NOW(), NOW());
INSERT INTO quarterly_data (id, annual_report_ref, category, q1, q2, q3, q4, sub_total, created_at, updated_at) VALUES (172, 'NHIA-AR-2025-00022', 'newEnrolmentsFSSHIP', 204, 190, 609, 905, 1908, NOW(), NOW());
INSERT INTO quarterly_data (id, annual_report_ref, category, q1, q2, q3, q4, sub_total, created_at, updated_at) VALUES (173, 'NHIA-AR-2025-00022', 'extraDependants', 52, 22, 44, 46, 164, NOW(), NOW());
INSERT INTO quarterly_data (id, annual_report_ref, category, q1, q2, q3, q4, sub_total, created_at, updated_at) VALUES (174, 'NHIA-AR-2025-00022', 'premiumExtraDependant', 1151800, 851796, 1703592, 1787928, 5495116, NOW(), NOW());
INSERT INTO quarterly_data (id, annual_report_ref, category, q1, q2, q3, q4, sub_total, created_at, updated_at) VALUES (175, 'NHIA-AR-2025-00022', 'additionalDependants', 275, 291, 310, 241, 1117, NOW(), NOW());
INSERT INTO quarterly_data (id, annual_report_ref, category, q1, q2, q3, q4, sub_total, created_at, updated_at) VALUES (176, 'NHIA-AR-2025-00022', 'changeOfProvider', 201, 178, 225, 385, 989, NOW(), NOW());
INSERT INTO quarterly_data (id, annual_report_ref, category, q1, q2, q3, q4, sub_total, created_at, updated_at) VALUES (177, 'NHIA-AR-2025-00023', 'gifshipEnrolments', 56, 20, 14, 29, 119, NOW(), NOW());
INSERT INTO quarterly_data (id, annual_report_ref, category, q1, q2, q3, q4, sub_total, created_at, updated_at) VALUES (178, 'NHIA-AR-2025-00023', 'premiumGIFSHIP', 1306400, 1316412, 542042, 637316.1, 3802170.1, NOW(), NOW());
INSERT INTO quarterly_data (id, annual_report_ref, category, q1, q2, q3, q4, sub_total, created_at, updated_at) VALUES (179, 'NHIA-AR-2025-00023', 'ops', 23, 0, 0, 0, 23, NOW(), NOW());
INSERT INTO quarterly_data (id, annual_report_ref, category, q1, q2, q3, q4, sub_total, created_at, updated_at) VALUES (180, 'NHIA-AR-2025-00023', 'newEnrolmentsFSSHIP', 36, 49, 102, 60, 247, NOW(), NOW());
INSERT INTO quarterly_data (id, annual_report_ref, category, q1, q2, q3, q4, sub_total, created_at, updated_at) VALUES (181, 'NHIA-AR-2025-00023', 'extraDependants', 26, 13, 14, 8, 61, NOW(), NOW());
INSERT INTO quarterly_data (id, annual_report_ref, category, q1, q2, q3, q4, sub_total, created_at, updated_at) VALUES (182, 'NHIA-AR-2025-00023', 'premiumExtraDependant', 575900, 542762, 542042, 309744, 1970448, NOW(), NOW());
INSERT INTO quarterly_data (id, annual_report_ref, category, q1, q2, q3, q4, sub_total, created_at, updated_at) VALUES (183, 'NHIA-AR-2025-00023', 'additionalDependants', 106, 102, 126, 98, 432, NOW(), NOW());
INSERT INTO quarterly_data (id, annual_report_ref, category, q1, q2, q3, q4, sub_total, created_at, updated_at) VALUES (184, 'NHIA-AR-2025-00023', 'changeOfProvider', 174, 206, 210, 122, 712, NOW(), NOW());
INSERT INTO quarterly_data (id, annual_report_ref, category, q1, q2, q3, q4, sub_total, created_at, updated_at) VALUES (185, 'NHIA-AR-2025-00024', 'gifshipEnrolments', 173, 180, 226, 158, 737, NOW(), NOW());
INSERT INTO quarterly_data (id, annual_report_ref, category, q1, q2, q3, q4, sub_total, created_at, updated_at) VALUES (186, 'NHIA-AR-2025-00024', 'premiumGIFSHIP', 3806000, 6969240, 8750268, 6117444, 25642952, NOW(), NOW());
INSERT INTO quarterly_data (id, annual_report_ref, category, q1, q2, q3, q4, sub_total, created_at, updated_at) VALUES (187, 'NHIA-AR-2025-00024', 'ops', 0, 0, 0, 0, 0, NOW(), NOW());
INSERT INTO quarterly_data (id, annual_report_ref, category, q1, q2, q3, q4, sub_total, created_at, updated_at) VALUES (188, 'NHIA-AR-2025-00024', 'newEnrolmentsFSSHIP', 60, 75, 69, 59, 263, NOW(), NOW());
INSERT INTO quarterly_data (id, annual_report_ref, category, q1, q2, q3, q4, sub_total, created_at, updated_at) VALUES (189, 'NHIA-AR-2025-00024', 'extraDependants', 11, 21, 13, 7, 52, NOW(), NOW());
INSERT INTO quarterly_data (id, annual_report_ref, category, q1, q2, q3, q4, sub_total, created_at, updated_at) VALUES (190, 'NHIA-AR-2025-00024', 'premiumExtraDependant', 242000, 813078, 503334, 271026, 1829438, NOW(), NOW());
INSERT INTO quarterly_data (id, annual_report_ref, category, q1, q2, q3, q4, sub_total, created_at, updated_at) VALUES (191, 'NHIA-AR-2025-00024', 'additionalDependants', 98, 114, 63, 66, 341, NOW(), NOW());
INSERT INTO quarterly_data (id, annual_report_ref, category, q1, q2, q3, q4, sub_total, created_at, updated_at) VALUES (192, 'NHIA-AR-2025-00024', 'changeOfProvider', 174, 147, 102, 164, 587, NOW(), NOW());
INSERT INTO quarterly_data (id, annual_report_ref, category, q1, q2, q3, q4, sub_total, created_at, updated_at) VALUES (193, 'NHIA-AR-2025-00025', 'gifshipEnrolments', 579, 295, 3204, 315, 4393, NOW(), NOW());
INSERT INTO quarterly_data (id, annual_report_ref, category, q1, q2, q3, q4, sub_total, created_at, updated_at) VALUES (194, 'NHIA-AR-2025-00025', 'premiumGIFSHIP', 14645050, 8970868, 19300836, 11713845, 54630599, NOW(), NOW());
INSERT INTO quarterly_data (id, annual_report_ref, category, q1, q2, q3, q4, sub_total, created_at, updated_at) VALUES (195, 'NHIA-AR-2025-00025', 'ops', 31, 0, 0, 243, 274, NOW(), NOW());
INSERT INTO quarterly_data (id, annual_report_ref, category, q1, q2, q3, q4, sub_total, created_at, updated_at) VALUES (196, 'NHIA-AR-2025-00025', 'newEnrolmentsFSSHIP', 138, 164, 122, 182, 606, NOW(), NOW());
INSERT INTO quarterly_data (id, annual_report_ref, category, q1, q2, q3, q4, sub_total, created_at, updated_at) VALUES (197, 'NHIA-AR-2025-00025', 'extraDependants', 133, 44, 127, 70, 374, NOW(), NOW());
INSERT INTO quarterly_data (id, annual_report_ref, category, q1, q2, q3, q4, sub_total, created_at, updated_at) VALUES (198, 'NHIA-AR-2025-00025', 'premiumExtraDependant', 2998100, 1941482, 4388184, 2129480, 11457246, NOW(), NOW());
INSERT INTO quarterly_data (id, annual_report_ref, category, q1, q2, q3, q4, sub_total, created_at, updated_at) VALUES (199, 'NHIA-AR-2025-00025', 'additionalDependants', 122, 80, 190, 104, 496, NOW(), NOW());
INSERT INTO quarterly_data (id, annual_report_ref, category, q1, q2, q3, q4, sub_total, created_at, updated_at) VALUES (200, 'NHIA-AR-2025-00025', 'changeOfProvider', 144, 187, 256, 148, 735, NOW(), NOW());
INSERT INTO quarterly_data (id, annual_report_ref, category, q1, q2, q3, q4, sub_total, created_at, updated_at) VALUES (201, 'NHIA-AR-2025-00026', 'gifshipEnrolments', 35, 61, 59, 56, 211, NOW(), NOW());
INSERT INTO quarterly_data (id, annual_report_ref, category, q1, q2, q3, q4, sub_total, created_at, updated_at) VALUES (202, 'NHIA-AR-2025-00026', 'premiumGIFSHIP', 773850, 2399221, 2315001, 2179307, 7667379, NOW(), NOW());
INSERT INTO quarterly_data (id, annual_report_ref, category, q1, q2, q3, q4, sub_total, created_at, updated_at) VALUES (203, 'NHIA-AR-2025-00026', 'ops', 0, 0, 0, 0, 0, NOW(), NOW());
INSERT INTO quarterly_data (id, annual_report_ref, category, q1, q2, q3, q4, sub_total, created_at, updated_at) VALUES (204, 'NHIA-AR-2025-00026', 'newEnrolmentsFSSHIP', 0, 0, 0, 0, 0, NOW(), NOW());
INSERT INTO quarterly_data (id, annual_report_ref, category, q1, q2, q3, q4, sub_total, created_at, updated_at) VALUES (205, 'NHIA-AR-2025-00026', 'extraDependants', 8, 6, 7, 11, 32, NOW(), NOW());
INSERT INTO quarterly_data (id, annual_report_ref, category, q1, q2, q3, q4, sub_total, created_at, updated_at) VALUES (206, 'NHIA-AR-2025-00026', 'premiumExtraDependant', 176000, 232308, 277458, 426198, 1111964, NOW(), NOW());
INSERT INTO quarterly_data (id, annual_report_ref, category, q1, q2, q3, q4, sub_total, created_at, updated_at) VALUES (207, 'NHIA-AR-2025-00026', 'additionalDependants', 131, 132, 151, 122, 536, NOW(), NOW());
INSERT INTO quarterly_data (id, annual_report_ref, category, q1, q2, q3, q4, sub_total, created_at, updated_at) VALUES (208, 'NHIA-AR-2025-00026', 'changeOfProvider', 0, 0, 0, 0, 0, NOW(), NOW());
INSERT INTO quarterly_data (id, annual_report_ref, category, q1, q2, q3, q4, sub_total, created_at, updated_at) VALUES (209, 'NHIA-AR-2025-00027', 'gifshipEnrolments', 49, 190, 211, 68, 518, NOW(), NOW());
INSERT INTO quarterly_data (id, annual_report_ref, category, q1, q2, q3, q4, sub_total, created_at, updated_at) VALUES (210, 'NHIA-AR-2025-00027', 'premiumGIFSHIP', 735000, 2850000, 3165000, 1020000, 7770000, NOW(), NOW());
INSERT INTO quarterly_data (id, annual_report_ref, category, q1, q2, q3, q4, sub_total, created_at, updated_at) VALUES (211, 'NHIA-AR-2025-00027', 'ops', 0, 0, 0, 0, 0, NOW(), NOW());
INSERT INTO quarterly_data (id, annual_report_ref, category, q1, q2, q3, q4, sub_total, created_at, updated_at) VALUES (212, 'NHIA-AR-2025-00027', 'newEnrolmentsFSSHIP', 88, 65, 58, 87, 298, NOW(), NOW());
INSERT INTO quarterly_data (id, annual_report_ref, category, q1, q2, q3, q4, sub_total, created_at, updated_at) VALUES (213, 'NHIA-AR-2025-00027', 'extraDependants', 0, 26, 0, 3, 29, NOW(), NOW());
INSERT INTO quarterly_data (id, annual_report_ref, category, q1, q2, q3, q4, sub_total, created_at, updated_at) VALUES (214, 'NHIA-AR-2025-00027', 'premiumExtraDependant', 0, 390000, 0, 45000, 435000, NOW(), NOW());
INSERT INTO quarterly_data (id, annual_report_ref, category, q1, q2, q3, q4, sub_total, created_at, updated_at) VALUES (215, 'NHIA-AR-2025-00027', 'additionalDependants', 60, 33, 52, 83, 228, NOW(), NOW());
INSERT INTO quarterly_data (id, annual_report_ref, category, q1, q2, q3, q4, sub_total, created_at, updated_at) VALUES (216, 'NHIA-AR-2025-00027', 'changeOfProvider', 279, 108, 92, 94, 573, NOW(), NOW());
INSERT INTO quarterly_data (id, annual_report_ref, category, q1, q2, q3, q4, sub_total, created_at, updated_at) VALUES (217, 'NHIA-AR-2025-00028', 'gifshipEnrolments', 908, 216, 319, 547, 1990, NOW(), NOW());
INSERT INTO quarterly_data (id, annual_report_ref, category, q1, q2, q3, q4, sub_total, created_at, updated_at) VALUES (218, 'NHIA-AR-2025-00028', 'premiumGIFSHIP', 19553000, 8278626, 12030152, 20486157, 60347935, NOW(), NOW());
INSERT INTO quarterly_data (id, annual_report_ref, category, q1, q2, q3, q4, sub_total, created_at, updated_at) VALUES (219, 'NHIA-AR-2025-00028', 'ops', 0, 0, 0, 0, 0, NOW(), NOW());
INSERT INTO quarterly_data (id, annual_report_ref, category, q1, q2, q3, q4, sub_total, created_at, updated_at) VALUES (220, 'NHIA-AR-2025-00028', 'newEnrolmentsFSSHIP', 107, 98, 108, 158, 471, NOW(), NOW());
INSERT INTO quarterly_data (id, annual_report_ref, category, q1, q2, q3, q4, sub_total, created_at, updated_at) VALUES (221, 'NHIA-AR-2025-00028', 'extraDependants', 32, 19, 9, 10, 70, NOW(), NOW());
INSERT INTO quarterly_data (id, annual_report_ref, category, q1, q2, q3, q4, sub_total, created_at, updated_at) VALUES (222, 'NHIA-AR-2025-00028', 'premiumExtraDependant', 660000, 735642, 348462, 387180, 2131284, NOW(), NOW());
INSERT INTO quarterly_data (id, annual_report_ref, category, q1, q2, q3, q4, sub_total, created_at, updated_at) VALUES (223, 'NHIA-AR-2025-00028', 'additionalDependants', 163, 132, 147, 90, 532, NOW(), NOW());
INSERT INTO quarterly_data (id, annual_report_ref, category, q1, q2, q3, q4, sub_total, created_at, updated_at) VALUES (224, 'NHIA-AR-2025-00028', 'changeOfProvider', 202, 299, 415, 408, 1324, NOW(), NOW());
INSERT INTO quarterly_data (id, annual_report_ref, category, q1, q2, q3, q4, sub_total, created_at, updated_at) VALUES (225, 'NHIA-AR-2025-00029', 'gifshipEnrolments', 88, 0, 27, 53, 168, NOW(), NOW());
INSERT INTO quarterly_data (id, annual_report_ref, category, q1, q2, q3, q4, sub_total, created_at, updated_at) VALUES (226, 'NHIA-AR-2025-00029', 'premiumGIFSHIP', 1949200, 0, 1049436, 2052654, 5051290, NOW(), NOW());
INSERT INTO quarterly_data (id, annual_report_ref, category, q1, q2, q3, q4, sub_total, created_at, updated_at) VALUES (227, 'NHIA-AR-2025-00029', 'ops', 0, 0, 0, 0, 0, NOW(), NOW());
INSERT INTO quarterly_data (id, annual_report_ref, category, q1, q2, q3, q4, sub_total, created_at, updated_at) VALUES (228, 'NHIA-AR-2025-00029', 'newEnrolmentsFSSHIP', 159, 123, 185, 167, 634, NOW(), NOW());
INSERT INTO quarterly_data (id, annual_report_ref, category, q1, q2, q3, q4, sub_total, created_at, updated_at) VALUES (229, 'NHIA-AR-2025-00029', 'extraDependants', 19, 9, 10, 12, 50, NOW(), NOW());
INSERT INTO quarterly_data (id, annual_report_ref, category, q1, q2, q3, q4, sub_total, created_at, updated_at) VALUES (230, 'NHIA-AR-2025-00029', 'premiumExtraDependant', 354400, 271026, 388680, 465816, 1479922, NOW(), NOW());
INSERT INTO quarterly_data (id, annual_report_ref, category, q1, q2, q3, q4, sub_total, created_at, updated_at) VALUES (231, 'NHIA-AR-2025-00029', 'additionalDependants', 224, 167, 143, 136, 670, NOW(), NOW());
INSERT INTO quarterly_data (id, annual_report_ref, category, q1, q2, q3, q4, sub_total, created_at, updated_at) VALUES (232, 'NHIA-AR-2025-00029', 'changeOfProvider', 350, 390, 304, 193, 1237, NOW(), NOW());
INSERT INTO quarterly_data (id, annual_report_ref, category, q1, q2, q3, q4, sub_total, created_at, updated_at) VALUES (233, 'NHIA-AR-2025-00030', 'gifshipEnrolments', 109, 6, 9, 23, 147, NOW(), NOW());
INSERT INTO quarterly_data (id, annual_report_ref, category, q1, q2, q3, q4, sub_total, created_at, updated_at) VALUES (234, 'NHIA-AR-2025-00030', 'premiumGIFSHIP', 487300, 66450, 1622498, 387180, 2563428, NOW(), NOW());
INSERT INTO quarterly_data (id, annual_report_ref, category, q1, q2, q3, q4, sub_total, created_at, updated_at) VALUES (235, 'NHIA-AR-2025-00030', 'ops', 15, 25, 30, 35, 105, NOW(), NOW());
INSERT INTO quarterly_data (id, annual_report_ref, category, q1, q2, q3, q4, sub_total, created_at, updated_at) VALUES (236, 'NHIA-AR-2025-00030', 'newEnrolmentsFSSHIP', 158, 147, 176, 188, 669, NOW(), NOW());
INSERT INTO quarterly_data (id, annual_report_ref, category, q1, q2, q3, q4, sub_total, created_at, updated_at) VALUES (237, 'NHIA-AR-2025-00030', 'extraDependants', 38, 38, 11, 24, 111, NOW(), NOW());
INSERT INTO quarterly_data (id, annual_report_ref, category, q1, q2, q3, q4, sub_total, created_at, updated_at) VALUES (238, 'NHIA-AR-2025-00030', 'premiumExtraDependant', 841700, 425898, 931114, 504834, 2703546, NOW(), NOW());
INSERT INTO quarterly_data (id, annual_report_ref, category, q1, q2, q3, q4, sub_total, created_at, updated_at) VALUES (239, 'NHIA-AR-2025-00030', 'additionalDependants', 119, 20, 73, 54, 266, NOW(), NOW());
INSERT INTO quarterly_data (id, annual_report_ref, category, q1, q2, q3, q4, sub_total, created_at, updated_at) VALUES (240, 'NHIA-AR-2025-00030', 'changeOfProvider', 452, 98, 124, 79, 753, NOW(), NOW());
INSERT INTO quarterly_data (id, annual_report_ref, category, q1, q2, q3, q4, sub_total, created_at, updated_at) VALUES (241, 'NHIA-AR-2025-00031', 'gifshipEnrolments', 0, 0, 0, 0, 0, NOW(), NOW());
INSERT INTO quarterly_data (id, annual_report_ref, category, q1, q2, q3, q4, sub_total, created_at, updated_at) VALUES (242, 'NHIA-AR-2025-00031', 'premiumGIFSHIP', 0, 0, 0, 0, 0, NOW(), NOW());
INSERT INTO quarterly_data (id, annual_report_ref, category, q1, q2, q3, q4, sub_total, created_at, updated_at) VALUES (243, 'NHIA-AR-2025-00031', 'ops', 0, 0, 0, 0, 0, NOW(), NOW());
INSERT INTO quarterly_data (id, annual_report_ref, category, q1, q2, q3, q4, sub_total, created_at, updated_at) VALUES (244, 'NHIA-AR-2025-00031', 'newEnrolmentsFSSHIP', 0, 0, 0, 0, 0, NOW(), NOW());
INSERT INTO quarterly_data (id, annual_report_ref, category, q1, q2, q3, q4, sub_total, created_at, updated_at) VALUES (245, 'NHIA-AR-2025-00031', 'extraDependants', 0, 0, 0, 0, 0, NOW(), NOW());
INSERT INTO quarterly_data (id, annual_report_ref, category, q1, q2, q3, q4, sub_total, created_at, updated_at) VALUES (246, 'NHIA-AR-2025-00031', 'premiumExtraDependant', 0, 0, 0, 0, 0, NOW(), NOW());
INSERT INTO quarterly_data (id, annual_report_ref, category, q1, q2, q3, q4, sub_total, created_at, updated_at) VALUES (247, 'NHIA-AR-2025-00031', 'additionalDependants', 0, 0, 0, 0, 0, NOW(), NOW());
INSERT INTO quarterly_data (id, annual_report_ref, category, q1, q2, q3, q4, sub_total, created_at, updated_at) VALUES (248, 'NHIA-AR-2025-00031', 'changeOfProvider', 0, 0, 0, 0, 0, NOW(), NOW());
INSERT INTO quarterly_data (id, annual_report_ref, category, q1, q2, q3, q4, sub_total, created_at, updated_at) VALUES (249, 'NHIA-AR-2025-00032', 'gifshipEnrolments', 13, 57, 0, 2, 72, NOW(), NOW());
INSERT INTO quarterly_data (id, annual_report_ref, category, q1, q2, q3, q4, sub_total, created_at, updated_at) VALUES (250, 'NHIA-AR-2025-00032', 'premiumGIFSHIP', 287950, 2206926, 0, 77286, 2572162, NOW(), NOW());
INSERT INTO quarterly_data (id, annual_report_ref, category, q1, q2, q3, q4, sub_total, created_at, updated_at) VALUES (251, 'NHIA-AR-2025-00032', 'ops', 50, 0, 0, 0, 50, NOW(), NOW());
INSERT INTO quarterly_data (id, annual_report_ref, category, q1, q2, q3, q4, sub_total, created_at, updated_at) VALUES (252, 'NHIA-AR-2025-00032', 'newEnrolmentsFSSHIP', 145, 158, 324, 236, 863, NOW(), NOW());
INSERT INTO quarterly_data (id, annual_report_ref, category, q1, q2, q3, q4, sub_total, created_at, updated_at) VALUES (253, 'NHIA-AR-2025-00032', 'extraDependants', 7, 3, 1, 9, 20, NOW(), NOW());
INSERT INTO quarterly_data (id, annual_report_ref, category, q1, q2, q3, q4, sub_total, created_at, updated_at) VALUES (254, 'NHIA-AR-2025-00032', 'premiumExtraDependant', 155050, 116154, 38868, 349772, 659844, NOW(), NOW());
INSERT INTO quarterly_data (id, annual_report_ref, category, q1, q2, q3, q4, sub_total, created_at, updated_at) VALUES (255, 'NHIA-AR-2025-00032', 'additionalDependants', 51, 17, 44, 66, 178, NOW(), NOW());
INSERT INTO quarterly_data (id, annual_report_ref, category, q1, q2, q3, q4, sub_total, created_at, updated_at) VALUES (256, 'NHIA-AR-2025-00032', 'changeOfProvider', 96, 123, 126, 80, 425, NOW(), NOW());
INSERT INTO quarterly_data (id, annual_report_ref, category, q1, q2, q3, q4, sub_total, created_at, updated_at) VALUES (257, 'NHIA-AR-2025-00033', 'gifshipEnrolments', 59, 36, 22, 48, 165, NOW(), NOW());
INSERT INTO quarterly_data (id, annual_report_ref, category, q1, q2, q3, q4, sub_total, created_at, updated_at) VALUES (258, 'NHIA-AR-2025-00033', 'premiumGIFSHIP', 22000, 38718, 38718, 38718, 138154, NOW(), NOW());
INSERT INTO quarterly_data (id, annual_report_ref, category, q1, q2, q3, q4, sub_total, created_at, updated_at) VALUES (259, 'NHIA-AR-2025-00033', 'ops', 0, 0, 0, 0, 0, NOW(), NOW());
INSERT INTO quarterly_data (id, annual_report_ref, category, q1, q2, q3, q4, sub_total, created_at, updated_at) VALUES (260, 'NHIA-AR-2025-00033', 'newEnrolmentsFSSHIP', 0, 0, 0, 0, 0, NOW(), NOW());
INSERT INTO quarterly_data (id, annual_report_ref, category, q1, q2, q3, q4, sub_total, created_at, updated_at) VALUES (261, 'NHIA-AR-2025-00033', 'extraDependants', 117, 43, 66, 116, 342, NOW(), NOW());
INSERT INTO quarterly_data (id, annual_report_ref, category, q1, q2, q3, q4, sub_total, created_at, updated_at) VALUES (262, 'NHIA-AR-2025-00033', 'premiumExtraDependant', 22000, 38718, 38718, 38718, 138154, NOW(), NOW());
INSERT INTO quarterly_data (id, annual_report_ref, category, q1, q2, q3, q4, sub_total, created_at, updated_at) VALUES (263, 'NHIA-AR-2025-00033', 'additionalDependants', 230, 152, 239, 232, 853, NOW(), NOW());
INSERT INTO quarterly_data (id, annual_report_ref, category, q1, q2, q3, q4, sub_total, created_at, updated_at) VALUES (264, 'NHIA-AR-2025-00033', 'changeOfProvider', 358, 365, 298, 300, 1321, NOW(), NOW());
INSERT INTO quarterly_data (id, annual_report_ref, category, q1, q2, q3, q4, sub_total, created_at, updated_at) VALUES (265, 'NHIA-AR-2025-00034', 'gifshipEnrolments', 123, 42, 13, 21, 199, NOW(), NOW());
INSERT INTO quarterly_data (id, annual_report_ref, category, q1, q2, q3, q4, sub_total, created_at, updated_at) VALUES (266, 'NHIA-AR-2025-00034', 'premiumGIFSHIP', 2706000, 1626156, 503334, 813078, 5648568, NOW(), NOW());
INSERT INTO quarterly_data (id, annual_report_ref, category, q1, q2, q3, q4, sub_total, created_at, updated_at) VALUES (267, 'NHIA-AR-2025-00034', 'ops', 0, 0, 0, 0, 0, NOW(), NOW());
INSERT INTO quarterly_data (id, annual_report_ref, category, q1, q2, q3, q4, sub_total, created_at, updated_at) VALUES (268, 'NHIA-AR-2025-00034', 'newEnrolmentsFSSHIP', 285, 804, 1693, 731, 3513, NOW(), NOW());
INSERT INTO quarterly_data (id, annual_report_ref, category, q1, q2, q3, q4, sub_total, created_at, updated_at) VALUES (269, 'NHIA-AR-2025-00034', 'extraDependants', 54, 10, 18, 19, 101, NOW(), NOW());
INSERT INTO quarterly_data (id, annual_report_ref, category, q1, q2, q3, q4, sub_total, created_at, updated_at) VALUES (270, 'NHIA-AR-2025-00034', 'premiumExtraDependant', 1188000, 387180, 696924, 735642, 3007746, NOW(), NOW());
INSERT INTO quarterly_data (id, annual_report_ref, category, q1, q2, q3, q4, sub_total, created_at, updated_at) VALUES (271, 'NHIA-AR-2025-00034', 'additionalDependants', 257, 155, 182, 135, 729, NOW(), NOW());
INSERT INTO quarterly_data (id, annual_report_ref, category, q1, q2, q3, q4, sub_total, created_at, updated_at) VALUES (272, 'NHIA-AR-2025-00034', 'changeOfProvider', 460, 344, 304, 227, 1335, NOW(), NOW());
INSERT INTO quarterly_data (id, annual_report_ref, category, q1, q2, q3, q4, sub_total, created_at, updated_at) VALUES (273, 'NHIA-AR-2025-00035', 'gifshipEnrolments', 553, 393, 382, 332, 1660, NOW(), NOW());
INSERT INTO quarterly_data (id, annual_report_ref, category, q1, q2, q3, q4, sub_total, created_at, updated_at) VALUES (274, 'NHIA-AR-2025-00035', 'premiumGIFSHIP', 11622000, 12970530, 18462530, 10911780, 53966840, NOW(), NOW());
INSERT INTO quarterly_data (id, annual_report_ref, category, q1, q2, q3, q4, sub_total, created_at, updated_at) VALUES (275, 'NHIA-AR-2025-00035', 'ops', 0, 9, 176, 0, 185, NOW(), NOW());
INSERT INTO quarterly_data (id, annual_report_ref, category, q1, q2, q3, q4, sub_total, created_at, updated_at) VALUES (276, 'NHIA-AR-2025-00035', 'newEnrolmentsFSSHIP', 735, 636, 670, 656, 2697, NOW(), NOW());
INSERT INTO quarterly_data (id, annual_report_ref, category, q1, q2, q3, q4, sub_total, created_at, updated_at) VALUES (277, 'NHIA-AR-2025-00035', 'extraDependants', 69, 59, 79, 47, 254, NOW(), NOW());
INSERT INTO quarterly_data (id, annual_report_ref, category, q1, q2, q3, q4, sub_total, created_at, updated_at) VALUES (278, 'NHIA-AR-2025-00035', 'premiumExtraDependant', 2332000, 2439234, 3680542, 2681589, 11133365, NOW(), NOW());
INSERT INTO quarterly_data (id, annual_report_ref, category, q1, q2, q3, q4, sub_total, created_at, updated_at) VALUES (279, 'NHIA-AR-2025-00035', 'additionalDependants', 514, 421, 322, 175, 1432, NOW(), NOW());
INSERT INTO quarterly_data (id, annual_report_ref, category, q1, q2, q3, q4, sub_total, created_at, updated_at) VALUES (280, 'NHIA-AR-2025-00035', 'changeOfProvider', 604, 421, 394, 224, 1643, NOW(), NOW());
INSERT INTO quarterly_data (id, annual_report_ref, category, q1, q2, q3, q4, sub_total, created_at, updated_at) VALUES (281, 'NHIA-AR-2025-00036', 'gifshipEnrolments', 340, 13, 441, 26, 820, NOW(), NOW());
INSERT INTO quarterly_data (id, annual_report_ref, category, q1, q2, q3, q4, sub_total, created_at, updated_at) VALUES (282, 'NHIA-AR-2025-00036', 'premiumGIFSHIP', 7480000, 503334, 7443496, 979668, 16406498, NOW(), NOW());
INSERT INTO quarterly_data (id, annual_report_ref, category, q1, q2, q3, q4, sub_total, created_at, updated_at) VALUES (283, 'NHIA-AR-2025-00036', 'ops', 0, 0, 0, 0, 0, NOW(), NOW());
INSERT INTO quarterly_data (id, annual_report_ref, category, q1, q2, q3, q4, sub_total, created_at, updated_at) VALUES (284, 'NHIA-AR-2025-00036', 'newEnrolmentsFSSHIP', 223, 234, 305, 118, 880, NOW(), NOW());
INSERT INTO quarterly_data (id, annual_report_ref, category, q1, q2, q3, q4, sub_total, created_at, updated_at) VALUES (285, 'NHIA-AR-2025-00036', 'extraDependants', 20, 9, 10, 13, 52, NOW(), NOW());
INSERT INTO quarterly_data (id, annual_report_ref, category, q1, q2, q3, q4, sub_total, created_at, updated_at) VALUES (286, 'NHIA-AR-2025-00036', 'premiumExtraDependant', 440000, 348462, 348462, 464616, 1601540, NOW(), NOW());
INSERT INTO quarterly_data (id, annual_report_ref, category, q1, q2, q3, q4, sub_total, created_at, updated_at) VALUES (287, 'NHIA-AR-2025-00036', 'additionalDependants', 135, 123, 175, 106, 539, NOW(), NOW());
INSERT INTO quarterly_data (id, annual_report_ref, category, q1, q2, q3, q4, sub_total, created_at, updated_at) VALUES (288, 'NHIA-AR-2025-00036', 'changeOfProvider', 581, 362, 400, 177, 1520, NOW(), NOW());
INSERT INTO quarterly_data (id, annual_report_ref, category, q1, q2, q3, q4, sub_total, created_at, updated_at) VALUES (289, 'NHIA-AR-2025-00037', 'gifshipEnrolments', 283, 87, 144, 98, 612, NOW(), NOW());
INSERT INTO quarterly_data (id, annual_report_ref, category, q1, q2, q3, q4, sub_total, created_at, updated_at) VALUES (290, 'NHIA-AR-2025-00037', 'premiumGIFSHIP', 6226000, 3368466, 5499891.9, 3675919.92, 18770277.82, NOW(), NOW());
INSERT INTO quarterly_data (id, annual_report_ref, category, q1, q2, q3, q4, sub_total, created_at, updated_at) VALUES (291, 'NHIA-AR-2025-00037', 'ops', 0, 88, 12, 0, 100, NOW(), NOW());
INSERT INTO quarterly_data (id, annual_report_ref, category, q1, q2, q3, q4, sub_total, created_at, updated_at) VALUES (292, 'NHIA-AR-2025-00037', 'newEnrolmentsFSSHIP', 222, 215, 170, 107, 714, NOW(), NOW());
INSERT INTO quarterly_data (id, annual_report_ref, category, q1, q2, q3, q4, sub_total, created_at, updated_at) VALUES (293, 'NHIA-AR-2025-00037', 'extraDependants', 82, 42, 54, 11, 189, NOW(), NOW());
INSERT INTO quarterly_data (id, annual_report_ref, category, q1, q2, q3, q4, sub_total, created_at, updated_at) VALUES (294, 'NHIA-AR-2025-00037', 'premiumExtraDependant', 1804000, 1626156, 2091002, 425898, 5947056, NOW(), NOW());
INSERT INTO quarterly_data (id, annual_report_ref, category, q1, q2, q3, q4, sub_total, created_at, updated_at) VALUES (295, 'NHIA-AR-2025-00037', 'additionalDependants', 250, 218, 247, 183, 898, NOW(), NOW());
INSERT INTO quarterly_data (id, annual_report_ref, category, q1, q2, q3, q4, sub_total, created_at, updated_at) VALUES (296, 'NHIA-AR-2025-00037', 'changeOfProvider', 140, 192, 144, 307, 783, NOW(), NOW());
INSERT INTO quarterly_data (id, annual_report_ref, category, q1, q2, q3, q4, sub_total, created_at, updated_at) VALUES (297, 'NHIA-AR-2025-00038', 'gifshipEnrolments', 790, 236, 229, 475, 1730, NOW(), NOW());
INSERT INTO quarterly_data (id, annual_report_ref, category, q1, q2, q3, q4, sub_total, created_at, updated_at) VALUES (298, 'NHIA-AR-2025-00038', 'premiumGIFSHIP', 8118000, 13144000, 7866000, 16986000, 46114000, NOW(), NOW());
INSERT INTO quarterly_data (id, annual_report_ref, category, q1, q2, q3, q4, sub_total, created_at, updated_at) VALUES (299, 'NHIA-AR-2025-00038', 'ops', 0, 0, 0, 0, 0, NOW(), NOW());
INSERT INTO quarterly_data (id, annual_report_ref, category, q1, q2, q3, q4, sub_total, created_at, updated_at) VALUES (300, 'NHIA-AR-2025-00038', 'newEnrolmentsFSSHIP', 304, 246, 1674, 296, 2520, NOW(), NOW());
INSERT INTO quarterly_data (id, annual_report_ref, category, q1, q2, q3, q4, sub_total, created_at, updated_at) VALUES (301, 'NHIA-AR-2025-00038', 'extraDependants', 21, 13, 18, 20, 72, NOW(), NOW());
INSERT INTO quarterly_data (id, annual_report_ref, category, q1, q2, q3, q4, sub_total, created_at, updated_at) VALUES (302, 'NHIA-AR-2025-00038', 'premiumExtraDependant', 418000, 402000, 878000, 495000, 2193000, NOW(), NOW());
INSERT INTO quarterly_data (id, annual_report_ref, category, q1, q2, q3, q4, sub_total, created_at, updated_at) VALUES (303, 'NHIA-AR-2025-00038', 'additionalDependants', 226, 157, 159, 211, 753, NOW(), NOW());
INSERT INTO quarterly_data (id, annual_report_ref, category, q1, q2, q3, q4, sub_total, created_at, updated_at) VALUES (304, 'NHIA-AR-2025-00038', 'changeOfProvider', 195, 256, 200, 385, 1036, NOW(), NOW());

-- 5. Finance Monthly Reports (2025 annual → month 12)
TRUNCATE TABLE finance_monthly_reports;
INSERT INTO finance_monthly_reports (reference_id, state_id, reporting_year, reporting_month, staff_no, total_vehicles, approved_budget, total_amount_utilized, igr_amount, total_indebtedness, amount_recovered, reconciliation_meetings, submitted_by, section, status, created_at, updated_at) VALUES ('FIN-2025-00001', 1, 2025, 12, 20, 2, 54618084.7, 0, 517450, 30628915, 29000000, 2, 'SO · Ondo', 'finance', 'submitted', NOW(), NOW());
INSERT INTO finance_monthly_reports (reference_id, state_id, reporting_year, reporting_month, staff_no, total_vehicles, approved_budget, total_amount_utilized, igr_amount, total_indebtedness, amount_recovered, reconciliation_meetings, submitted_by, section, status, created_at, updated_at) VALUES ('FIN-2025-00002', 2, 2025, 12, 25, 2, 53997075, 5640000, 3816500, 0, NULL, 0, 'SO · Oyo', 'finance', 'submitted', NOW(), NOW());
INSERT INTO finance_monthly_reports (reference_id, state_id, reporting_year, reporting_month, staff_no, total_vehicles, approved_budget, total_amount_utilized, igr_amount, total_indebtedness, amount_recovered, reconciliation_meetings, submitted_by, section, status, created_at, updated_at) VALUES ('FIN-2025-00003', 3, 2025, 12, 18, 2, 49943922.5, 1702379.07, 6529900, 0, 0, 0, 'SO · Ogun', 'finance', 'submitted', NOW(), NOW());
INSERT INTO finance_monthly_reports (reference_id, state_id, reporting_year, reporting_month, staff_no, total_vehicles, approved_budget, total_amount_utilized, igr_amount, total_indebtedness, amount_recovered, reconciliation_meetings, submitted_by, section, status, created_at, updated_at) VALUES ('FIN-2025-00004', 4, 2025, 12, 20, 2, 47988750, 0, 186663812, 132458427, 0, 0, 'SO · Osun', 'finance', 'submitted', NOW(), NOW());
INSERT INTO finance_monthly_reports (reference_id, state_id, reporting_year, reporting_month, staff_no, total_vehicles, approved_budget, total_amount_utilized, igr_amount, total_indebtedness, amount_recovered, reconciliation_meetings, submitted_by, section, status, created_at, updated_at) VALUES ('FIN-2025-00005', 5, 2025, 12, 21, 2, 51272000, 0, 265500, 0, 0, 0, 'SO · Ekiti', 'finance', 'submitted', NOW(), NOW());
INSERT INTO finance_monthly_reports (reference_id, state_id, reporting_year, reporting_month, staff_no, total_vehicles, approved_budget, total_amount_utilized, igr_amount, total_indebtedness, amount_recovered, reconciliation_meetings, submitted_by, section, status, created_at, updated_at) VALUES ('FIN-2025-00006', 6, 2025, 12, 17, 2, 55808726.2, 4294650, 53652780.69, 5326615.84, 464106.99, 4, 'SO · Yaba', 'finance', 'submitted', NOW(), NOW());
INSERT INTO finance_monthly_reports (reference_id, state_id, reporting_year, reporting_month, staff_no, total_vehicles, approved_budget, total_amount_utilized, igr_amount, total_indebtedness, amount_recovered, reconciliation_meetings, submitted_by, section, status, created_at, updated_at) VALUES ('FIN-2025-00007', 7, 2025, 12, 22, 3, 54501750, 3822900, 3218000, 3708635.25, NULL, 3, 'SO · Ikeja', 'finance', 'submitted', NOW(), NOW());
INSERT INTO finance_monthly_reports (reference_id, state_id, reporting_year, reporting_month, staff_no, total_vehicles, approved_budget, total_amount_utilized, igr_amount, total_indebtedness, amount_recovered, reconciliation_meetings, submitted_by, section, status, created_at, updated_at) VALUES ('FIN-2025-00008', 8, 2025, 12, 31, 2, 57530600, 0, 45254780, 537792090.29, 0, 0, 'SO · Kaduna', 'finance', 'submitted', NOW(), NOW());
INSERT INTO finance_monthly_reports (reference_id, state_id, reporting_year, reporting_month, staff_no, total_vehicles, approved_budget, total_amount_utilized, igr_amount, total_indebtedness, amount_recovered, reconciliation_meetings, submitted_by, section, status, created_at, updated_at) VALUES ('FIN-2025-00009', 9, 2025, 12, 18, 2, 41454350, NULL, 0, NULL, NULL, NULL, 'SO · Kebbi', 'finance', 'submitted', NOW(), NOW());
INSERT INTO finance_monthly_reports (reference_id, state_id, reporting_year, reporting_month, staff_no, total_vehicles, approved_budget, total_amount_utilized, igr_amount, total_indebtedness, amount_recovered, reconciliation_meetings, submitted_by, section, status, created_at, updated_at) VALUES ('FIN-2025-00010', 10, 2025, 12, 21, 2, 40000000, 0, 353000, 172021211.56, 131653231.98, 11, 'SO · Sokoto', 'finance', 'submitted', NOW(), NOW());
INSERT INTO finance_monthly_reports (reference_id, state_id, reporting_year, reporting_month, staff_no, total_vehicles, approved_budget, total_amount_utilized, igr_amount, total_indebtedness, amount_recovered, reconciliation_meetings, submitted_by, section, status, created_at, updated_at) VALUES ('FIN-2025-00011', 11, 2025, 12, 20, 8, 44931200, 0, 770650, 0, 0, 0, 'SO · Zamfara', 'finance', 'submitted', NOW(), NOW());
INSERT INTO finance_monthly_reports (reference_id, state_id, reporting_year, reporting_month, staff_no, total_vehicles, approved_budget, total_amount_utilized, igr_amount, total_indebtedness, amount_recovered, reconciliation_meetings, submitted_by, section, status, created_at, updated_at) VALUES ('FIN-2025-00012', 12, 2025, 12, 21, 2, NULL, NULL, 0, NULL, NULL, NULL, 'SO · Jigawa', 'finance', 'submitted', NOW(), NOW());
INSERT INTO finance_monthly_reports (reference_id, state_id, reporting_year, reporting_month, staff_no, total_vehicles, approved_budget, total_amount_utilized, igr_amount, total_indebtedness, amount_recovered, reconciliation_meetings, submitted_by, section, status, created_at, updated_at) VALUES ('FIN-2025-00013', 13, 2025, 12, 23, 1, 54532750, 0, 7871276, 0, 0, 0, 'SO · Katsina', 'finance', 'submitted', NOW(), NOW());
INSERT INTO finance_monthly_reports (reference_id, state_id, reporting_year, reporting_month, staff_no, total_vehicles, approved_budget, total_amount_utilized, igr_amount, total_indebtedness, amount_recovered, reconciliation_meetings, submitted_by, section, status, created_at, updated_at) VALUES ('FIN-2025-00014', 14, 2025, 12, 23, 2, 57850800, 0, 9053500, 0, 0, 0, 'SO · Kano', 'finance', 'submitted', NOW(), NOW());
INSERT INTO finance_monthly_reports (reference_id, state_id, reporting_year, reporting_month, staff_no, total_vehicles, approved_budget, total_amount_utilized, igr_amount, total_indebtedness, amount_recovered, reconciliation_meetings, submitted_by, section, status, created_at, updated_at) VALUES ('FIN-2025-00015', 15, 2025, 12, 26, 3, 50151499, 8362800, 2091000, 311637567, 0, 0, 'SO · Kwara', 'finance', 'submitted', NOW(), NOW());
INSERT INTO finance_monthly_reports (reference_id, state_id, reporting_year, reporting_month, staff_no, total_vehicles, approved_budget, total_amount_utilized, igr_amount, total_indebtedness, amount_recovered, reconciliation_meetings, submitted_by, section, status, created_at, updated_at) VALUES ('FIN-2025-00016', 16, 2025, 12, 26, 2, 43968500, 14422000, 1984350, 0, 0, 0, 'SO · Kogi', 'finance', 'submitted', NOW(), NOW());
INSERT INTO finance_monthly_reports (reference_id, state_id, reporting_year, reporting_month, staff_no, total_vehicles, approved_budget, total_amount_utilized, igr_amount, total_indebtedness, amount_recovered, reconciliation_meetings, submitted_by, section, status, created_at, updated_at) VALUES ('FIN-2025-00017', 17, 2025, 12, 26, 2, 44999400, 0, 554500, 0, 0, 0, 'SO · Niger', 'finance', 'submitted', NOW(), NOW());
INSERT INTO finance_monthly_reports (reference_id, state_id, reporting_year, reporting_month, staff_no, total_vehicles, approved_budget, total_amount_utilized, igr_amount, total_indebtedness, amount_recovered, reconciliation_meetings, submitted_by, section, status, created_at, updated_at) VALUES ('FIN-2025-00018', 18, 2025, 12, 25, 2, 48824700, 0, 2085000, 18332738.58, 0, 0, 'SO · Anambra', 'finance', 'submitted', NOW(), NOW());
INSERT INTO finance_monthly_reports (reference_id, state_id, reporting_year, reporting_month, staff_no, total_vehicles, approved_budget, total_amount_utilized, igr_amount, total_indebtedness, amount_recovered, reconciliation_meetings, submitted_by, section, status, created_at, updated_at) VALUES ('FIN-2025-00019', 19, 2025, 12, 18, 2, 47428530, 2611000, 1464936.74, 236028533.2, 0, 0, 'SO · Ebonyi', 'finance', 'submitted', NOW(), NOW());
INSERT INTO finance_monthly_reports (reference_id, state_id, reporting_year, reporting_month, staff_no, total_vehicles, approved_budget, total_amount_utilized, igr_amount, total_indebtedness, amount_recovered, reconciliation_meetings, submitted_by, section, status, created_at, updated_at) VALUES ('FIN-2025-00020', 20, 2025, 12, 23, 2, 54363150, 0, 3820000, 0, 0, 0, 'SO · Imo', 'finance', 'submitted', NOW(), NOW());
INSERT INTO finance_monthly_reports (reference_id, state_id, reporting_year, reporting_month, staff_no, total_vehicles, approved_budget, total_amount_utilized, igr_amount, total_indebtedness, amount_recovered, reconciliation_meetings, submitted_by, section, status, created_at, updated_at) VALUES ('FIN-2025-00021', 21, 2025, 12, 20, 2, 49953400, 1660625, 799850, 0, 0, 0, 'SO · Abia', 'finance', 'submitted', NOW(), NOW());
INSERT INTO finance_monthly_reports (reference_id, state_id, reporting_year, reporting_month, staff_no, total_vehicles, approved_budget, total_amount_utilized, igr_amount, total_indebtedness, amount_recovered, reconciliation_meetings, submitted_by, section, status, created_at, updated_at) VALUES ('FIN-2025-00022', 22, 2025, 12, 19, 2, 52952550, 0, 6791700, 216716094.23, 207500, 2, 'SO · Enugu', 'finance', 'submitted', NOW(), NOW());
INSERT INTO finance_monthly_reports (reference_id, state_id, reporting_year, reporting_month, staff_no, total_vehicles, approved_budget, total_amount_utilized, igr_amount, total_indebtedness, amount_recovered, reconciliation_meetings, submitted_by, section, status, created_at, updated_at) VALUES ('FIN-2025-00023', 23, 2025, 12, 16, 3, 44958827, 3228290, 1014350, 0, 0, 0, 'SO · Akwa-Ibom', 'finance', 'submitted', NOW(), NOW());
INSERT INTO finance_monthly_reports (reference_id, state_id, reporting_year, reporting_month, staff_no, total_vehicles, approved_budget, total_amount_utilized, igr_amount, total_indebtedness, amount_recovered, reconciliation_meetings, submitted_by, section, status, created_at, updated_at) VALUES ('FIN-2025-00024', 24, 2025, 12, 18, 2, 48676300, 10800000, 3207868, 103529066, 0, 0, 'SO · Bayelsa', 'finance', 'submitted', NOW(), NOW());
INSERT INTO finance_monthly_reports (reference_id, state_id, reporting_year, reporting_month, staff_no, total_vehicles, approved_budget, total_amount_utilized, igr_amount, total_indebtedness, amount_recovered, reconciliation_meetings, submitted_by, section, status, created_at, updated_at) VALUES ('FIN-2025-00025', 25, 2025, 12, 24, 3, 47288350, 0, 39687651.68, 565005867.57, 0, 3, 'SO · Edo', 'finance', 'submitted', NOW(), NOW());
INSERT INTO finance_monthly_reports (reference_id, state_id, reporting_year, reporting_month, staff_no, total_vehicles, approved_budget, total_amount_utilized, igr_amount, total_indebtedness, amount_recovered, reconciliation_meetings, submitted_by, section, status, created_at, updated_at) VALUES ('FIN-2025-00026', 26, 2025, 12, NULL, NULL, 46000000, NULL, 2130700, 51626792.42, 0, 0, 'SO · Cross Rivers', 'finance', 'submitted', NOW(), NOW());
INSERT INTO finance_monthly_reports (reference_id, state_id, reporting_year, reporting_month, staff_no, total_vehicles, approved_budget, total_amount_utilized, igr_amount, total_indebtedness, amount_recovered, reconciliation_meetings, submitted_by, section, status, created_at, updated_at) VALUES ('FIN-2025-00027', 27, 2025, 12, 18, 2, 53245000, 1918500, 1950650, 0, 0, 0, 'SO · Delta', 'finance', 'submitted', NOW(), NOW());
INSERT INTO finance_monthly_reports (reference_id, state_id, reporting_year, reporting_month, staff_no, total_vehicles, approved_budget, total_amount_utilized, igr_amount, total_indebtedness, amount_recovered, reconciliation_meetings, submitted_by, section, status, created_at, updated_at) VALUES ('FIN-2025-00028', 28, 2025, 12, 17, 3, 55498838, NULL, 9393500, 0, 0, 0, 'SO · River', 'finance', 'submitted', NOW(), NOW());
INSERT INTO finance_monthly_reports (reference_id, state_id, reporting_year, reporting_month, staff_no, total_vehicles, approved_budget, total_amount_utilized, igr_amount, total_indebtedness, amount_recovered, reconciliation_meetings, submitted_by, section, status, created_at, updated_at) VALUES ('FIN-2025-00029', 29, 2025, 12, 19, 2, 52876000, 10818000, 1304200, 233816054.15, 0, 0, 'SO · Adamawa', 'finance', 'submitted', NOW(), NOW());
INSERT INTO finance_monthly_reports (reference_id, state_id, reporting_year, reporting_month, staff_no, total_vehicles, approved_budget, total_amount_utilized, igr_amount, total_indebtedness, amount_recovered, reconciliation_meetings, submitted_by, section, status, created_at, updated_at) VALUES ('FIN-2025-00030', 30, 2025, 12, 20, 3, 47000000, 3500000, 1122000, 0, 0, 0, 'SO · Borno', 'finance', 'submitted', NOW(), NOW());
INSERT INTO finance_monthly_reports (reference_id, state_id, reporting_year, reporting_month, staff_no, total_vehicles, approved_budget, total_amount_utilized, igr_amount, total_indebtedness, amount_recovered, reconciliation_meetings, submitted_by, section, status, created_at, updated_at) VALUES ('FIN-2025-00031', 31, 2025, 12, NULL, NULL, NULL, NULL, 0, NULL, NULL, NULL, 'SO · Taraba', 'finance', 'submitted', NOW(), NOW());
INSERT INTO finance_monthly_reports (reference_id, state_id, reporting_year, reporting_month, staff_no, total_vehicles, approved_budget, total_amount_utilized, igr_amount, total_indebtedness, amount_recovered, reconciliation_meetings, submitted_by, section, status, created_at, updated_at) VALUES ('FIN-2025-00032', 32, 2025, 12, 17, 2, 49899000, 18770000, 1636050, 0, 0, 0, 'SO · Yobe', 'finance', 'submitted', NOW(), NOW());
INSERT INTO finance_monthly_reports (reference_id, state_id, reporting_year, reporting_month, staff_no, total_vehicles, approved_budget, total_amount_utilized, igr_amount, total_indebtedness, amount_recovered, reconciliation_meetings, submitted_by, section, status, created_at, updated_at) VALUES ('FIN-2025-00033', 33, 2025, 12, 17, 2, 44765600, 15058320, 15650450, 0, 0, 0, 'SO · Gombe', 'finance', 'submitted', NOW(), NOW());
INSERT INTO finance_monthly_reports (reference_id, state_id, reporting_year, reporting_month, staff_no, total_vehicles, approved_budget, total_amount_utilized, igr_amount, total_indebtedness, amount_recovered, reconciliation_meetings, submitted_by, section, status, created_at, updated_at) VALUES ('FIN-2025-00034', 34, 2025, 12, 22, 3, 50440812, 12453375, 0, 0, 0, 0, 'SO · Bauchi', 'finance', 'submitted', NOW(), NOW());
INSERT INTO finance_monthly_reports (reference_id, state_id, reporting_year, reporting_month, staff_no, total_vehicles, approved_budget, total_amount_utilized, igr_amount, total_indebtedness, amount_recovered, reconciliation_meetings, submitted_by, section, status, created_at, updated_at) VALUES ('FIN-2025-00035', 35, 2025, 12, 28, 3, 49813500, 5350000, 3859400, 0, 0, 0, 'SO · Abuja', 'finance', 'submitted', NOW(), NOW());
INSERT INTO finance_monthly_reports (reference_id, state_id, reporting_year, reporting_month, staff_no, total_vehicles, approved_budget, total_amount_utilized, igr_amount, total_indebtedness, amount_recovered, reconciliation_meetings, submitted_by, section, status, created_at, updated_at) VALUES ('FIN-2025-00036', 36, 2025, 12, 22, 2, 44964685, 17062000, 19210038, NULL, NULL, NULL, 'SO · Nasarawa', 'finance', 'submitted', NOW(), NOW());
INSERT INTO finance_monthly_reports (reference_id, state_id, reporting_year, reporting_month, staff_no, total_vehicles, approved_budget, total_amount_utilized, igr_amount, total_indebtedness, amount_recovered, reconciliation_meetings, submitted_by, section, status, created_at, updated_at) VALUES ('FIN-2025-00037', 37, 2025, 12, 19, 2, 44413635, 1500000, 1816000, 25591909.06, 5757866.98, 1, 'SO · Plateau', 'finance', 'submitted', NOW(), NOW());
INSERT INTO finance_monthly_reports (reference_id, state_id, reporting_year, reporting_month, staff_no, total_vehicles, approved_budget, total_amount_utilized, igr_amount, total_indebtedness, amount_recovered, reconciliation_meetings, submitted_by, section, status, created_at, updated_at) VALUES ('FIN-2025-00038', 38, 2025, 12, 22, 2, 44856810, 17877900, 1175700, 111691976.7, 79736400.14, 1, 'SO · Benue', 'finance', 'submitted', NOW(), NOW());

-- 6. SQA Monthly Reports (2025 annual → month 12)
TRUNCATE TABLE sqa_monthly_reports;
INSERT INTO sqa_monthly_reports (reference_id, state_id, reporting_year, reporting_month, total_hcf_under_nhia, total_accredited_hcf, cemonc_accredited_hcf, cemonc_beneficiaries, ffp_accredited_facilities, ffp_beneficiaries, qa_conducted, accreditation_requests, accreditation_conducted, mystery_shopping_visited, mystery_shopping_complied, mystery_shopping_non_complied, complaints_registered, complaints_resolved, complaints_escalated, submitted_by, section, status, created_at, updated_at) VALUES ('SQA-2025-00001', 1, 2025, 12, 134, 12, 6, 331, 0, 0, 0, 12, 0, 16, 15, 1, 87, 84, 3, 'SO · Ondo', 'sqa', 'submitted', NOW(), NOW());
INSERT INTO sqa_monthly_reports (reference_id, state_id, reporting_year, reporting_month, total_hcf_under_nhia, total_accredited_hcf, cemonc_accredited_hcf, cemonc_beneficiaries, ffp_accredited_facilities, ffp_beneficiaries, qa_conducted, accreditation_requests, accreditation_conducted, mystery_shopping_visited, mystery_shopping_complied, mystery_shopping_non_complied, complaints_registered, complaints_resolved, complaints_escalated, submitted_by, section, status, created_at, updated_at) VALUES ('SQA-2025-00002', 2, 2025, 12, NULL, 16, 5, 85, 0, 0, 0, 0, 0, 19, 18, 1, 42, 32, 0, 'SO · Oyo', 'sqa', 'submitted', NOW(), NOW());
INSERT INTO sqa_monthly_reports (reference_id, state_id, reporting_year, reporting_month, total_hcf_under_nhia, total_accredited_hcf, cemonc_accredited_hcf, cemonc_beneficiaries, ffp_accredited_facilities, ffp_beneficiaries, qa_conducted, accreditation_requests, accreditation_conducted, mystery_shopping_visited, mystery_shopping_complied, mystery_shopping_non_complied, complaints_registered, complaints_resolved, complaints_escalated, submitted_by, section, status, created_at, updated_at) VALUES ('SQA-2025-00003', 3, 2025, 12, 218, 28, 16, 336, 0, 0, 0, 157, 143, 11, 11, 0, 150, 140, 2, 'SO · Ogun', 'sqa', 'submitted', NOW(), NOW());
INSERT INTO sqa_monthly_reports (reference_id, state_id, reporting_year, reporting_month, total_hcf_under_nhia, total_accredited_hcf, cemonc_accredited_hcf, cemonc_beneficiaries, ffp_accredited_facilities, ffp_beneficiaries, qa_conducted, accreditation_requests, accreditation_conducted, mystery_shopping_visited, mystery_shopping_complied, mystery_shopping_non_complied, complaints_registered, complaints_resolved, complaints_escalated, submitted_by, section, status, created_at, updated_at) VALUES ('SQA-2025-00004', 4, 2025, 12, 115, 12, 4, 104, 0, 0, 0, 102, 3, 28, 23, 5, 68, 68, 0, 'SO · Osun', 'sqa', 'submitted', NOW(), NOW());
INSERT INTO sqa_monthly_reports (reference_id, state_id, reporting_year, reporting_month, total_hcf_under_nhia, total_accredited_hcf, cemonc_accredited_hcf, cemonc_beneficiaries, ffp_accredited_facilities, ffp_beneficiaries, qa_conducted, accreditation_requests, accreditation_conducted, mystery_shopping_visited, mystery_shopping_complied, mystery_shopping_non_complied, complaints_registered, complaints_resolved, complaints_escalated, submitted_by, section, status, created_at, updated_at) VALUES ('SQA-2025-00005', 5, 2025, 12, 22, 8, 6, 690, 0, 0, 0, 0, 0, 0, 0, 0, 67, 57, 1, 'SO · Ekiti', 'sqa', 'submitted', NOW(), NOW());
INSERT INTO sqa_monthly_reports (reference_id, state_id, reporting_year, reporting_month, total_hcf_under_nhia, total_accredited_hcf, cemonc_accredited_hcf, cemonc_beneficiaries, ffp_accredited_facilities, ffp_beneficiaries, qa_conducted, accreditation_requests, accreditation_conducted, mystery_shopping_visited, mystery_shopping_complied, mystery_shopping_non_complied, complaints_registered, complaints_resolved, complaints_escalated, submitted_by, section, status, created_at, updated_at) VALUES ('SQA-2025-00006', 6, 2025, 12, 566, 72, 13, 58, 0, 0, 1, 72, 72, 9, 5, 4, 87, 87, 0, 'SO · Yaba', 'sqa', 'submitted', NOW(), NOW());
INSERT INTO sqa_monthly_reports (reference_id, state_id, reporting_year, reporting_month, total_hcf_under_nhia, total_accredited_hcf, cemonc_accredited_hcf, cemonc_beneficiaries, ffp_accredited_facilities, ffp_beneficiaries, qa_conducted, accreditation_requests, accreditation_conducted, mystery_shopping_visited, mystery_shopping_complied, mystery_shopping_non_complied, complaints_registered, complaints_resolved, complaints_escalated, submitted_by, section, status, created_at, updated_at) VALUES ('SQA-2025-00007', 7, 2025, 12, 949, 58, 14, 34, 0, 0, 0, 242, 176, 20, 14, 6, 81, 78, 3, 'SO · Ikeja', 'sqa', 'submitted', NOW(), NOW());
INSERT INTO sqa_monthly_reports (reference_id, state_id, reporting_year, reporting_month, total_hcf_under_nhia, total_accredited_hcf, cemonc_accredited_hcf, cemonc_beneficiaries, ffp_accredited_facilities, ffp_beneficiaries, qa_conducted, accreditation_requests, accreditation_conducted, mystery_shopping_visited, mystery_shopping_complied, mystery_shopping_non_complied, complaints_registered, complaints_resolved, complaints_escalated, submitted_by, section, status, created_at, updated_at) VALUES ('SQA-2025-00008', 8, 2025, 12, 275, 27, 7, 776, 1, 149, 0, 34, 28, 20, 15, 5, 83, 74, 0, 'SO · Kaduna', 'sqa', 'submitted', NOW(), NOW());
INSERT INTO sqa_monthly_reports (reference_id, state_id, reporting_year, reporting_month, total_hcf_under_nhia, total_accredited_hcf, cemonc_accredited_hcf, cemonc_beneficiaries, ffp_accredited_facilities, ffp_beneficiaries, qa_conducted, accreditation_requests, accreditation_conducted, mystery_shopping_visited, mystery_shopping_complied, mystery_shopping_non_complied, complaints_registered, complaints_resolved, complaints_escalated, submitted_by, section, status, created_at, updated_at) VALUES ('SQA-2025-00009', 9, 2025, 12, NULL, 0, 4, 2760, NULL, NULL, 0, 47, 0, 6, 6, 0, NULL, NULL, NULL, 'SO · Kebbi', 'sqa', 'submitted', NOW(), NOW());
INSERT INTO sqa_monthly_reports (reference_id, state_id, reporting_year, reporting_month, total_hcf_under_nhia, total_accredited_hcf, cemonc_accredited_hcf, cemonc_beneficiaries, ffp_accredited_facilities, ffp_beneficiaries, qa_conducted, accreditation_requests, accreditation_conducted, mystery_shopping_visited, mystery_shopping_complied, mystery_shopping_non_complied, complaints_registered, complaints_resolved, complaints_escalated, submitted_by, section, status, created_at, updated_at) VALUES ('SQA-2025-00010', 10, 2025, 12, 43, 241, 5, 198, 1, 283, 27, 8, 8, 41, 12, 29, 1167, 1145, 22, 'SO · Sokoto', 'sqa', 'submitted', NOW(), NOW());
INSERT INTO sqa_monthly_reports (reference_id, state_id, reporting_year, reporting_month, total_hcf_under_nhia, total_accredited_hcf, cemonc_accredited_hcf, cemonc_beneficiaries, ffp_accredited_facilities, ffp_beneficiaries, qa_conducted, accreditation_requests, accreditation_conducted, mystery_shopping_visited, mystery_shopping_complied, mystery_shopping_non_complied, complaints_registered, complaints_resolved, complaints_escalated, submitted_by, section, status, created_at, updated_at) VALUES ('SQA-2025-00011', 11, 2025, 12, 32, 0, 5, 1626, 1, 161, 0, 0, 0, 24, 19, 5, 232, 218, 14, 'SO · Zamfara', 'sqa', 'submitted', NOW(), NOW());
INSERT INTO sqa_monthly_reports (reference_id, state_id, reporting_year, reporting_month, total_hcf_under_nhia, total_accredited_hcf, cemonc_accredited_hcf, cemonc_beneficiaries, ffp_accredited_facilities, ffp_beneficiaries, qa_conducted, accreditation_requests, accreditation_conducted, mystery_shopping_visited, mystery_shopping_complied, mystery_shopping_non_complied, complaints_registered, complaints_resolved, complaints_escalated, submitted_by, section, status, created_at, updated_at) VALUES ('SQA-2025-00012', 12, 2025, 12, 30, 0, NULL, NULL, NULL, NULL, 0, 0, 0, NULL, NULL, NULL, NULL, NULL, NULL, 'SO · Jigawa', 'sqa', 'submitted', NOW(), NOW());
INSERT INTO sqa_monthly_reports (reference_id, state_id, reporting_year, reporting_month, total_hcf_under_nhia, total_accredited_hcf, cemonc_accredited_hcf, cemonc_beneficiaries, ffp_accredited_facilities, ffp_beneficiaries, qa_conducted, accreditation_requests, accreditation_conducted, mystery_shopping_visited, mystery_shopping_complied, mystery_shopping_non_complied, complaints_registered, complaints_resolved, complaints_escalated, submitted_by, section, status, created_at, updated_at) VALUES ('SQA-2025-00013', 13, 2025, 12, 104, 15, 7, 1227, 2, 555, 0, 13, 0, 25, 25, 0, 22, 22, 0, 'SO · Katsina', 'sqa', 'submitted', NOW(), NOW());
INSERT INTO sqa_monthly_reports (reference_id, state_id, reporting_year, reporting_month, total_hcf_under_nhia, total_accredited_hcf, cemonc_accredited_hcf, cemonc_beneficiaries, ffp_accredited_facilities, ffp_beneficiaries, qa_conducted, accreditation_requests, accreditation_conducted, mystery_shopping_visited, mystery_shopping_complied, mystery_shopping_non_complied, complaints_registered, complaints_resolved, complaints_escalated, submitted_by, section, status, created_at, updated_at) VALUES ('SQA-2025-00014', 14, 2025, 12, 212, 696, 7, 4425, 3, 496, 0, 0, 47, 8, 6, 2, 61, 61, 0, 'SO · Kano', 'sqa', 'submitted', NOW(), NOW());
INSERT INTO sqa_monthly_reports (reference_id, state_id, reporting_year, reporting_month, total_hcf_under_nhia, total_accredited_hcf, cemonc_accredited_hcf, cemonc_beneficiaries, ffp_accredited_facilities, ffp_beneficiaries, qa_conducted, accreditation_requests, accreditation_conducted, mystery_shopping_visited, mystery_shopping_complied, mystery_shopping_non_complied, complaints_registered, complaints_resolved, complaints_escalated, submitted_by, section, status, created_at, updated_at) VALUES ('SQA-2025-00015', 15, 2025, 12, 184, 6, 5, 302, 1, 30, 0, 14, 6, 30, 19, 11, 36, 32, 0, 'SO · Kwara', 'sqa', 'submitted', NOW(), NOW());
INSERT INTO sqa_monthly_reports (reference_id, state_id, reporting_year, reporting_month, total_hcf_under_nhia, total_accredited_hcf, cemonc_accredited_hcf, cemonc_beneficiaries, ffp_accredited_facilities, ffp_beneficiaries, qa_conducted, accreditation_requests, accreditation_conducted, mystery_shopping_visited, mystery_shopping_complied, mystery_shopping_non_complied, complaints_registered, complaints_resolved, complaints_escalated, submitted_by, section, status, created_at, updated_at) VALUES ('SQA-2025-00016', 16, 2025, 12, 104, 5, 6, 89, 0, 0, 0, 8, 8, 21, 15, 6, 53, 51, 1, 'SO · Kogi', 'sqa', 'submitted', NOW(), NOW());
INSERT INTO sqa_monthly_reports (reference_id, state_id, reporting_year, reporting_month, total_hcf_under_nhia, total_accredited_hcf, cemonc_accredited_hcf, cemonc_beneficiaries, ffp_accredited_facilities, ffp_beneficiaries, qa_conducted, accreditation_requests, accreditation_conducted, mystery_shopping_visited, mystery_shopping_complied, mystery_shopping_non_complied, complaints_registered, complaints_resolved, complaints_escalated, submitted_by, section, status, created_at, updated_at) VALUES ('SQA-2025-00017', 17, 2025, 12, 114, 0, 1, NULL, 1, 0, 0, 17, 1, 5, 5, 0, 43, 43, 0, 'SO · Niger', 'sqa', 'submitted', NOW(), NOW());
INSERT INTO sqa_monthly_reports (reference_id, state_id, reporting_year, reporting_month, total_hcf_under_nhia, total_accredited_hcf, cemonc_accredited_hcf, cemonc_beneficiaries, ffp_accredited_facilities, ffp_beneficiaries, qa_conducted, accreditation_requests, accreditation_conducted, mystery_shopping_visited, mystery_shopping_complied, mystery_shopping_non_complied, complaints_registered, complaints_resolved, complaints_escalated, submitted_by, section, status, created_at, updated_at) VALUES ('SQA-2025-00018', 18, 2025, 12, 214, 10, 1, 681, 0, 4, 0, 214, 14, 35, 32, 3, 115, 115, 0, 'SO · Anambra', 'sqa', 'submitted', NOW(), NOW());
INSERT INTO sqa_monthly_reports (reference_id, state_id, reporting_year, reporting_month, total_hcf_under_nhia, total_accredited_hcf, cemonc_accredited_hcf, cemonc_beneficiaries, ffp_accredited_facilities, ffp_beneficiaries, qa_conducted, accreditation_requests, accreditation_conducted, mystery_shopping_visited, mystery_shopping_complied, mystery_shopping_non_complied, complaints_registered, complaints_resolved, complaints_escalated, submitted_by, section, status, created_at, updated_at) VALUES ('SQA-2025-00019', 19, 2025, 12, 82, 9, 8, 3417, 1, 130, 0, 10, 0, 10, 2, 8, 83, 60, 23, 'SO · Ebonyi', 'sqa', 'submitted', NOW(), NOW());
INSERT INTO sqa_monthly_reports (reference_id, state_id, reporting_year, reporting_month, total_hcf_under_nhia, total_accredited_hcf, cemonc_accredited_hcf, cemonc_beneficiaries, ffp_accredited_facilities, ffp_beneficiaries, qa_conducted, accreditation_requests, accreditation_conducted, mystery_shopping_visited, mystery_shopping_complied, mystery_shopping_non_complied, complaints_registered, complaints_resolved, complaints_escalated, submitted_by, section, status, created_at, updated_at) VALUES ('SQA-2025-00020', 20, 2025, 12, 201, 9, 6, 312, 0, 0, 0, 35, 9, 10, 7, 3, 70, 56, 6, 'SO · Imo', 'sqa', 'submitted', NOW(), NOW());
INSERT INTO sqa_monthly_reports (reference_id, state_id, reporting_year, reporting_month, total_hcf_under_nhia, total_accredited_hcf, cemonc_accredited_hcf, cemonc_beneficiaries, ffp_accredited_facilities, ffp_beneficiaries, qa_conducted, accreditation_requests, accreditation_conducted, mystery_shopping_visited, mystery_shopping_complied, mystery_shopping_non_complied, complaints_registered, complaints_resolved, complaints_escalated, submitted_by, section, status, created_at, updated_at) VALUES ('SQA-2025-00021', 21, 2025, 12, 116, 1, 5, 213, 0, 0, 0, 13, 4, 12, 11, 1, 65, 65, 1, 'SO · Abia', 'sqa', 'submitted', NOW(), NOW());
INSERT INTO sqa_monthly_reports (reference_id, state_id, reporting_year, reporting_month, total_hcf_under_nhia, total_accredited_hcf, cemonc_accredited_hcf, cemonc_beneficiaries, ffp_accredited_facilities, ffp_beneficiaries, qa_conducted, accreditation_requests, accreditation_conducted, mystery_shopping_visited, mystery_shopping_complied, mystery_shopping_non_complied, complaints_registered, complaints_resolved, complaints_escalated, submitted_by, section, status, created_at, updated_at) VALUES ('SQA-2025-00022', 22, 2025, 12, 212, 19, 8, 962, 0, 0, 0, 19, 19, 50, 48, 2, 224, 81, 124, 'SO · Enugu', 'sqa', 'submitted', NOW(), NOW());
INSERT INTO sqa_monthly_reports (reference_id, state_id, reporting_year, reporting_month, total_hcf_under_nhia, total_accredited_hcf, cemonc_accredited_hcf, cemonc_beneficiaries, ffp_accredited_facilities, ffp_beneficiaries, qa_conducted, accreditation_requests, accreditation_conducted, mystery_shopping_visited, mystery_shopping_complied, mystery_shopping_non_complied, complaints_registered, complaints_resolved, complaints_escalated, submitted_by, section, status, created_at, updated_at) VALUES ('SQA-2025-00023', 23, 2025, 12, 106, 7, 4, 1560, 1, 110, 0, 92, 93, 43, 43, 0, 43, 29, 0, 'SO · Akwa-Ibom', 'sqa', 'submitted', NOW(), NOW());
INSERT INTO sqa_monthly_reports (reference_id, state_id, reporting_year, reporting_month, total_hcf_under_nhia, total_accredited_hcf, cemonc_accredited_hcf, cemonc_beneficiaries, ffp_accredited_facilities, ffp_beneficiaries, qa_conducted, accreditation_requests, accreditation_conducted, mystery_shopping_visited, mystery_shopping_complied, mystery_shopping_non_complied, complaints_registered, complaints_resolved, complaints_escalated, submitted_by, section, status, created_at, updated_at) VALUES ('SQA-2025-00024', 24, 2025, 12, 95, 9, 5, 248, NULL, NULL, 0, 5, 0, 29, 29, 0, 52, 50, 2, 'SO · Bayelsa', 'sqa', 'submitted', NOW(), NOW());
INSERT INTO sqa_monthly_reports (reference_id, state_id, reporting_year, reporting_month, total_hcf_under_nhia, total_accredited_hcf, cemonc_accredited_hcf, cemonc_beneficiaries, ffp_accredited_facilities, ffp_beneficiaries, qa_conducted, accreditation_requests, accreditation_conducted, mystery_shopping_visited, mystery_shopping_complied, mystery_shopping_non_complied, complaints_registered, complaints_resolved, complaints_escalated, submitted_by, section, status, created_at, updated_at) VALUES ('SQA-2025-00025', 25, 2025, 12, 199, 15, 5, 415, 1, 32, 0, 15, 15, 37, 37, 0, 88, 79, 3, 'SO · Edo', 'sqa', 'submitted', NOW(), NOW());
INSERT INTO sqa_monthly_reports (reference_id, state_id, reporting_year, reporting_month, total_hcf_under_nhia, total_accredited_hcf, cemonc_accredited_hcf, cemonc_beneficiaries, ffp_accredited_facilities, ffp_beneficiaries, qa_conducted, accreditation_requests, accreditation_conducted, mystery_shopping_visited, mystery_shopping_complied, mystery_shopping_non_complied, complaints_registered, complaints_resolved, complaints_escalated, submitted_by, section, status, created_at, updated_at) VALUES ('SQA-2025-00026', 26, 2025, 12, NULL, NULL, 5, 899, NULL, NULL, 0, 0, 0, NULL, 23, 3, 166, 166, 0, 'SO · Cross Rivers', 'sqa', 'submitted', NOW(), NOW());
INSERT INTO sqa_monthly_reports (reference_id, state_id, reporting_year, reporting_month, total_hcf_under_nhia, total_accredited_hcf, cemonc_accredited_hcf, cemonc_beneficiaries, ffp_accredited_facilities, ffp_beneficiaries, qa_conducted, accreditation_requests, accreditation_conducted, mystery_shopping_visited, mystery_shopping_complied, mystery_shopping_non_complied, complaints_registered, complaints_resolved, complaints_escalated, submitted_by, section, status, created_at, updated_at) VALUES ('SQA-2025-00027', 27, 2025, 12, 228, 8, 1, 83, 0, 0, 0, 1, 3, 10, 8, 2, 34, 22, 2, 'SO · Delta', 'sqa', 'submitted', NOW(), NOW());
INSERT INTO sqa_monthly_reports (reference_id, state_id, reporting_year, reporting_month, total_hcf_under_nhia, total_accredited_hcf, cemonc_accredited_hcf, cemonc_beneficiaries, ffp_accredited_facilities, ffp_beneficiaries, qa_conducted, accreditation_requests, accreditation_conducted, mystery_shopping_visited, mystery_shopping_complied, mystery_shopping_non_complied, complaints_registered, complaints_resolved, complaints_escalated, submitted_by, section, status, created_at, updated_at) VALUES ('SQA-2025-00028', 28, 2025, 12, 370, 15, 3, 196, 0, 0, 0, 259, 259, 24, 16, 8, 144, 139, 5, 'SO · River', 'sqa', 'submitted', NOW(), NOW());
INSERT INTO sqa_monthly_reports (reference_id, state_id, reporting_year, reporting_month, total_hcf_under_nhia, total_accredited_hcf, cemonc_accredited_hcf, cemonc_beneficiaries, ffp_accredited_facilities, ffp_beneficiaries, qa_conducted, accreditation_requests, accreditation_conducted, mystery_shopping_visited, mystery_shopping_complied, mystery_shopping_non_complied, complaints_registered, complaints_resolved, complaints_escalated, submitted_by, section, status, created_at, updated_at) VALUES ('SQA-2025-00029', 29, 2025, 12, 66, 9, 5, 928, 0, 28, 0, 9, 9, 10, 10, 0, 33, 24, 9, 'SO · Adamawa', 'sqa', 'submitted', NOW(), NOW());
INSERT INTO sqa_monthly_reports (reference_id, state_id, reporting_year, reporting_month, total_hcf_under_nhia, total_accredited_hcf, cemonc_accredited_hcf, cemonc_beneficiaries, ffp_accredited_facilities, ffp_beneficiaries, qa_conducted, accreditation_requests, accreditation_conducted, mystery_shopping_visited, mystery_shopping_complied, mystery_shopping_non_complied, complaints_registered, complaints_resolved, complaints_escalated, submitted_by, section, status, created_at, updated_at) VALUES ('SQA-2025-00030', 30, 2025, 12, 78, 78, 3, 73, 0, 0, 0, 89, 89, 12, 20, 0, 36, 33, 3, 'SO · Borno', 'sqa', 'submitted', NOW(), NOW());
INSERT INTO sqa_monthly_reports (reference_id, state_id, reporting_year, reporting_month, total_hcf_under_nhia, total_accredited_hcf, cemonc_accredited_hcf, cemonc_beneficiaries, ffp_accredited_facilities, ffp_beneficiaries, qa_conducted, accreditation_requests, accreditation_conducted, mystery_shopping_visited, mystery_shopping_complied, mystery_shopping_non_complied, complaints_registered, complaints_resolved, complaints_escalated, submitted_by, section, status, created_at, updated_at) VALUES ('SQA-2025-00031', 31, 2025, 12, NULL, NULL, NULL, NULL, NULL, NULL, 0, 0, 0, NULL, NULL, NULL, NULL, NULL, NULL, 'SO · Taraba', 'sqa', 'submitted', NOW(), NOW());
INSERT INTO sqa_monthly_reports (reference_id, state_id, reporting_year, reporting_month, total_hcf_under_nhia, total_accredited_hcf, cemonc_accredited_hcf, cemonc_beneficiaries, ffp_accredited_facilities, ffp_beneficiaries, qa_conducted, accreditation_requests, accreditation_conducted, mystery_shopping_visited, mystery_shopping_complied, mystery_shopping_non_complied, complaints_registered, complaints_resolved, complaints_escalated, submitted_by, section, status, created_at, updated_at) VALUES ('SQA-2025-00032', 32, 2025, 12, 46, 0, 5, 664, 1, 105, 0, 5, 195, 3, 3, 0, 24, 24, 0, 'SO · Yobe', 'sqa', 'submitted', NOW(), NOW());
INSERT INTO sqa_monthly_reports (reference_id, state_id, reporting_year, reporting_month, total_hcf_under_nhia, total_accredited_hcf, cemonc_accredited_hcf, cemonc_beneficiaries, ffp_accredited_facilities, ffp_beneficiaries, qa_conducted, accreditation_requests, accreditation_conducted, mystery_shopping_visited, mystery_shopping_complied, mystery_shopping_non_complied, complaints_registered, complaints_resolved, complaints_escalated, submitted_by, section, status, created_at, updated_at) VALUES ('SQA-2025-00033', 33, 2025, 12, 56, 56, 6, 2335, 1, 161, 0, 0, 5, 12, 12, 0, 51, 50, 1, 'SO · Gombe', 'sqa', 'submitted', NOW(), NOW());
INSERT INTO sqa_monthly_reports (reference_id, state_id, reporting_year, reporting_month, total_hcf_under_nhia, total_accredited_hcf, cemonc_accredited_hcf, cemonc_beneficiaries, ffp_accredited_facilities, ffp_beneficiaries, qa_conducted, accreditation_requests, accreditation_conducted, mystery_shopping_visited, mystery_shopping_complied, mystery_shopping_non_complied, complaints_registered, complaints_resolved, complaints_escalated, submitted_by, section, status, created_at, updated_at) VALUES ('SQA-2025-00034', 34, 2025, 12, 83, 2, 1, 4538, 1, 455, 0, 12, 4, 11, 10, 1, 126, 123, 3, 'SO · Bauchi', 'sqa', 'submitted', NOW(), NOW());
INSERT INTO sqa_monthly_reports (reference_id, state_id, reporting_year, reporting_month, total_hcf_under_nhia, total_accredited_hcf, cemonc_accredited_hcf, cemonc_beneficiaries, ffp_accredited_facilities, ffp_beneficiaries, qa_conducted, accreditation_requests, accreditation_conducted, mystery_shopping_visited, mystery_shopping_complied, mystery_shopping_non_complied, complaints_registered, complaints_resolved, complaints_escalated, submitted_by, section, status, created_at, updated_at) VALUES ('SQA-2025-00035', 35, 2025, 12, 545, 606, 8, 1893, 1, 81, 0, 54, 54, 47, 40, 7, 94, 85, 2, 'SO · Abuja', 'sqa', 'submitted', NOW(), NOW());
INSERT INTO sqa_monthly_reports (reference_id, state_id, reporting_year, reporting_month, total_hcf_under_nhia, total_accredited_hcf, cemonc_accredited_hcf, cemonc_beneficiaries, ffp_accredited_facilities, ffp_beneficiaries, qa_conducted, accreditation_requests, accreditation_conducted, mystery_shopping_visited, mystery_shopping_complied, mystery_shopping_non_complied, complaints_registered, complaints_resolved, complaints_escalated, submitted_by, section, status, created_at, updated_at) VALUES ('SQA-2025-00036', 36, 2025, 12, 127, 127, 2, 570, NULL, NULL, 0, 6, 7, NULL, NULL, NULL, 32, 28, 0, 'SO · Nasarawa', 'sqa', 'submitted', NOW(), NOW());
INSERT INTO sqa_monthly_reports (reference_id, state_id, reporting_year, reporting_month, total_hcf_under_nhia, total_accredited_hcf, cemonc_accredited_hcf, cemonc_beneficiaries, ffp_accredited_facilities, ffp_beneficiaries, qa_conducted, accreditation_requests, accreditation_conducted, mystery_shopping_visited, mystery_shopping_complied, mystery_shopping_non_complied, complaints_registered, complaints_resolved, complaints_escalated, submitted_by, section, status, created_at, updated_at) VALUES ('SQA-2025-00037', 37, 2025, 12, 122, 447, 5, 211, 1, 308, 0, 1, 6, 12, 3, 0, 35, 28, 2, 'SO · Plateau', 'sqa', 'submitted', NOW(), NOW());
INSERT INTO sqa_monthly_reports (reference_id, state_id, reporting_year, reporting_month, total_hcf_under_nhia, total_accredited_hcf, cemonc_accredited_hcf, cemonc_beneficiaries, ffp_accredited_facilities, ffp_beneficiaries, qa_conducted, accreditation_requests, accreditation_conducted, mystery_shopping_visited, mystery_shopping_complied, mystery_shopping_non_complied, complaints_registered, complaints_resolved, complaints_escalated, submitted_by, section, status, created_at, updated_at) VALUES ('SQA-2025-00038', 38, 2025, 12, 209, 13, 5, 336, 0, 0, 0, 13, 13, 22, 12, 10, 115, 115, 0, 'SO · Benue', 'sqa', 'submitted', NOW(), NOW());

-- 7. Programmes Monthly Reports (2025 annual → month 12)
TRUNCATE TABLE programmes_monthly_reports;
INSERT INTO programmes_monthly_reports (reference_id, state_id, reporting_year, reporting_month, gifship_enrolments, gifship_premium, ops_count, fsship_new_enrolments, extra_dependants, extra_dependant_premium, additional_dependants, change_of_provider, bhcpf_beneficiaries, bhcpf_facilities, tiship_lives, mha_lives, sshia_lives, stakeholder_meetings, media_appearances, marketing_sensitization, submitted_by, section, status, created_at, updated_at) VALUES ('PRG-2025-00001', 1, 2025, 12, 655, 19274938, 0, 390, 37, 1215232, 603, 920, 82849, 0, 50640, 0, 105966, 1, 0, 26, 'SO · Ondo', 'enrolment', 'submitted', NOW(), NOW());
INSERT INTO programmes_monthly_reports (reference_id, state_id, reporting_year, reporting_month, gifship_enrolments, gifship_premium, ops_count, fsship_new_enrolments, extra_dependants, extra_dependant_premium, additional_dependants, change_of_provider, bhcpf_beneficiaries, bhcpf_facilities, tiship_lives, mha_lives, sshia_lives, stakeholder_meetings, media_appearances, marketing_sensitization, submitted_by, section, status, created_at, updated_at) VALUES ('PRG-2025-00002', 2, 2025, 12, 3607, 109897786, 0, 1087, 102, 2812412, 722, 1809, 88708, 0, 27034, 0, 186140, 1, 0, 81, 'SO · Oyo', 'enrolment', 'submitted', NOW(), NOW());
INSERT INTO programmes_monthly_reports (reference_id, state_id, reporting_year, reporting_month, gifship_enrolments, gifship_premium, ops_count, fsship_new_enrolments, extra_dependants, extra_dependant_premium, additional_dependants, change_of_provider, bhcpf_beneficiaries, bhcpf_facilities, tiship_lives, mha_lives, sshia_lives, stakeholder_meetings, media_appearances, marketing_sensitization, submitted_by, section, status, created_at, updated_at) VALUES ('PRG-2025-00003', 3, 2025, 12, 2327, 76244690.8525, 0, 1277, 268, 7844334, 542, 1320, 63107, 0, 23194, 0, 227118, 1, 0, 14, 'SO · Ogun', 'enrolment', 'submitted', NOW(), NOW());
INSERT INTO programmes_monthly_reports (reference_id, state_id, reporting_year, reporting_month, gifship_enrolments, gifship_premium, ops_count, fsship_new_enrolments, extra_dependants, extra_dependant_premium, additional_dependants, change_of_provider, bhcpf_beneficiaries, bhcpf_facilities, tiship_lives, mha_lives, sshia_lives, stakeholder_meetings, media_appearances, marketing_sensitization, submitted_by, section, status, created_at, updated_at) VALUES ('PRG-2025-00004', 4, 2025, 12, 6058, 200889820, 0, 414, 44, 1703592, 439, 977, 126332, 0, 58711, 0, 114355, 1, 0, 9, 'SO · Osun', 'enrolment', 'submitted', NOW(), NOW());
INSERT INTO programmes_monthly_reports (reference_id, state_id, reporting_year, reporting_month, gifship_enrolments, gifship_premium, ops_count, fsship_new_enrolments, extra_dependants, extra_dependant_premium, additional_dependants, change_of_provider, bhcpf_beneficiaries, bhcpf_facilities, tiship_lives, mha_lives, sshia_lives, stakeholder_meetings, media_appearances, marketing_sensitization, submitted_by, section, status, created_at, updated_at) VALUES ('PRG-2025-00005', 5, 2025, 12, 587, 14077438.54, 0, 561, 6, 469898, 395, 654, 104889, 0, 77500, 0, 295341, 0, 0, 28, 'SO · Ekiti', 'enrolment', 'submitted', NOW(), NOW());
INSERT INTO programmes_monthly_reports (reference_id, state_id, reporting_year, reporting_month, gifship_enrolments, gifship_premium, ops_count, fsship_new_enrolments, extra_dependants, extra_dependant_premium, additional_dependants, change_of_provider, bhcpf_beneficiaries, bhcpf_facilities, tiship_lives, mha_lives, sshia_lives, stakeholder_meetings, media_appearances, marketing_sensitization, submitted_by, section, status, created_at, updated_at) VALUES ('PRG-2025-00006', 6, 2025, 12, 1506, 49941084.04, 0, 1612, 114, 3711696, 780, 2896, 139186, 0, 53349, 0, 731722, 1, 0, 20, 'SO · Yaba', 'enrolment', 'submitted', NOW(), NOW());
INSERT INTO programmes_monthly_reports (reference_id, state_id, reporting_year, reporting_month, gifship_enrolments, gifship_premium, ops_count, fsship_new_enrolments, extra_dependants, extra_dependant_premium, additional_dependants, change_of_provider, bhcpf_beneficiaries, bhcpf_facilities, tiship_lives, mha_lives, sshia_lives, stakeholder_meetings, media_appearances, marketing_sensitization, submitted_by, section, status, created_at, updated_at) VALUES ('PRG-2025-00007', 7, 2025, 12, 1378, 42371462.6, 0, 1501, 64, 1348092, 391, 1266, 130814, 0, 68871, 0, 1108855, 1, 0, 14, 'SO · Ikeja', 'enrolment', 'submitted', NOW(), NOW());
INSERT INTO programmes_monthly_reports (reference_id, state_id, reporting_year, reporting_month, gifship_enrolments, gifship_premium, ops_count, fsship_new_enrolments, extra_dependants, extra_dependant_premium, additional_dependants, change_of_provider, bhcpf_beneficiaries, bhcpf_facilities, tiship_lives, mha_lives, sshia_lives, stakeholder_meetings, media_appearances, marketing_sensitization, submitted_by, section, status, created_at, updated_at) VALUES ('PRG-2025-00008', 8, 2025, 12, 1008, 30852642, 836, 7038, 274, 9221138, 1786, 667, 138495, 0, 249650, 9250, 761288, 1, 4, 25, 'SO · Kaduna', 'enrolment', 'submitted', NOW(), NOW());
INSERT INTO programmes_monthly_reports (reference_id, state_id, reporting_year, reporting_month, gifship_enrolments, gifship_premium, ops_count, fsship_new_enrolments, extra_dependants, extra_dependant_premium, additional_dependants, change_of_provider, bhcpf_beneficiaries, bhcpf_facilities, tiship_lives, mha_lives, sshia_lives, stakeholder_meetings, media_appearances, marketing_sensitization, submitted_by, section, status, created_at, updated_at) VALUES ('PRG-2025-00009', 9, 2025, 12, 0, 0, 0, 0, 0, 0, 0, 0, NULL, 0, NULL, NULL, NULL, NULL, NULL, 0, 'SO · Kebbi', 'enrolment', 'submitted', NOW(), NOW());
INSERT INTO programmes_monthly_reports (reference_id, state_id, reporting_year, reporting_month, gifship_enrolments, gifship_premium, ops_count, fsship_new_enrolments, extra_dependants, extra_dependant_premium, additional_dependants, change_of_provider, bhcpf_beneficiaries, bhcpf_facilities, tiship_lives, mha_lives, sshia_lives, stakeholder_meetings, media_appearances, marketing_sensitization, submitted_by, section, status, created_at, updated_at) VALUES ('PRG-2025-00010', 10, 2025, 12, 120, 3091386, 0, 674, 46, 1162462, 466, 242, 63620, 0, 30600, 10185, 127970, 1, 1, 12, 'SO · Sokoto', 'enrolment', 'submitted', NOW(), NOW());
INSERT INTO programmes_monthly_reports (reference_id, state_id, reporting_year, reporting_month, gifship_enrolments, gifship_premium, ops_count, fsship_new_enrolments, extra_dependants, extra_dependant_premium, additional_dependants, change_of_provider, bhcpf_beneficiaries, bhcpf_facilities, tiship_lives, mha_lives, sshia_lives, stakeholder_meetings, media_appearances, marketing_sensitization, submitted_by, section, status, created_at, updated_at) VALUES ('PRG-2025-00011', 11, 2025, 12, 61, 1566534, 0, 649, 60, 2007538, 571, 563, 67397, 0, 0, 420, 79279, 0, 0, 0, 'SO · Zamfara', 'enrolment', 'submitted', NOW(), NOW());
INSERT INTO programmes_monthly_reports (reference_id, state_id, reporting_year, reporting_month, gifship_enrolments, gifship_premium, ops_count, fsship_new_enrolments, extra_dependants, extra_dependant_premium, additional_dependants, change_of_provider, bhcpf_beneficiaries, bhcpf_facilities, tiship_lives, mha_lives, sshia_lives, stakeholder_meetings, media_appearances, marketing_sensitization, submitted_by, section, status, created_at, updated_at) VALUES ('PRG-2025-00012', 12, 2025, 12, 0, 0, 0, 0, 0, 0, 0, 0, NULL, 0, NULL, NULL, NULL, NULL, NULL, 0, 'SO · Jigawa', 'enrolment', 'submitted', NOW(), NOW());
INSERT INTO programmes_monthly_reports (reference_id, state_id, reporting_year, reporting_month, gifship_enrolments, gifship_premium, ops_count, fsship_new_enrolments, extra_dependants, extra_dependant_premium, additional_dependants, change_of_provider, bhcpf_beneficiaries, bhcpf_facilities, tiship_lives, mha_lives, sshia_lives, stakeholder_meetings, media_appearances, marketing_sensitization, submitted_by, section, status, created_at, updated_at) VALUES ('PRG-2025-00013', 13, 2025, 12, 156, 5270980, 0, 3647, 75, 1253950, 957, 574, 116240, 0, 46099, 116240, 256917, 0, 0, 2, 'SO · Katsina', 'enrolment', 'submitted', NOW(), NOW());
INSERT INTO programmes_monthly_reports (reference_id, state_id, reporting_year, reporting_month, gifship_enrolments, gifship_premium, ops_count, fsship_new_enrolments, extra_dependants, extra_dependant_premium, additional_dependants, change_of_provider, bhcpf_beneficiaries, bhcpf_facilities, tiship_lives, mha_lives, sshia_lives, stakeholder_meetings, media_appearances, marketing_sensitization, submitted_by, section, status, created_at, updated_at) VALUES ('PRG-2025-00014', 14, 2025, 12, 1150, 30034002, 408, 1529, 532, 14099244, 1966, 1761, 276238, 0, 60050, 0, 490506, 1, 0, 0, 'SO · Kano', 'enrolment', 'submitted', NOW(), NOW());
INSERT INTO programmes_monthly_reports (reference_id, state_id, reporting_year, reporting_month, gifship_enrolments, gifship_premium, ops_count, fsship_new_enrolments, extra_dependants, extra_dependant_premium, additional_dependants, change_of_provider, bhcpf_beneficiaries, bhcpf_facilities, tiship_lives, mha_lives, sshia_lives, stakeholder_meetings, media_appearances, marketing_sensitization, submitted_by, section, status, created_at, updated_at) VALUES ('PRG-2025-00015', 15, 2025, 12, 1455, 44790215.36, 0, 1120, 93, 3166106, 915, 1052, 45724, 0, 76686, 0, 55218, 1, 2, 11, 'SO · Kwara', 'enrolment', 'submitted', NOW(), NOW());
INSERT INTO programmes_monthly_reports (reference_id, state_id, reporting_year, reporting_month, gifship_enrolments, gifship_premium, ops_count, fsship_new_enrolments, extra_dependants, extra_dependant_premium, additional_dependants, change_of_provider, bhcpf_beneficiaries, bhcpf_facilities, tiship_lives, mha_lives, sshia_lives, stakeholder_meetings, media_appearances, marketing_sensitization, submitted_by, section, status, created_at, updated_at) VALUES ('PRG-2025-00016', 16, 2025, 12, 175, 5188312, 0, 389, 34, 1016642, 379, 1251, 97654, 0, 27156, 3286, 242116, 1, 0, 0, 'SO · Kogi', 'enrolment', 'submitted', NOW(), NOW());
INSERT INTO programmes_monthly_reports (reference_id, state_id, reporting_year, reporting_month, gifship_enrolments, gifship_premium, ops_count, fsship_new_enrolments, extra_dependants, extra_dependant_premium, additional_dependants, change_of_provider, bhcpf_beneficiaries, bhcpf_facilities, tiship_lives, mha_lives, sshia_lives, stakeholder_meetings, media_appearances, marketing_sensitization, submitted_by, section, status, created_at, updated_at) VALUES ('PRG-2025-00017', 17, 2025, 12, 153, 5883356, 336, 747, 84, 2330338, 567, 720, 76508, 0, 18055, 41126, 44812, 0, 0, 6, 'SO · Niger', 'enrolment', 'submitted', NOW(), NOW());
INSERT INTO programmes_monthly_reports (reference_id, state_id, reporting_year, reporting_month, gifship_enrolments, gifship_premium, ops_count, fsship_new_enrolments, extra_dependants, extra_dependant_premium, additional_dependants, change_of_provider, bhcpf_beneficiaries, bhcpf_facilities, tiship_lives, mha_lives, sshia_lives, stakeholder_meetings, media_appearances, marketing_sensitization, submitted_by, section, status, created_at, updated_at) VALUES ('PRG-2025-00018', 18, 2025, 12, 1094, 35961698, 0, 621, 83, 2461534, 339, 797, 46497, 0, 61157, 9188, 243664, 1, 0, 26, 'SO · Anambra', 'enrolment', 'submitted', NOW(), NOW());
INSERT INTO programmes_monthly_reports (reference_id, state_id, reporting_year, reporting_month, gifship_enrolments, gifship_premium, ops_count, fsship_new_enrolments, extra_dependants, extra_dependant_premium, additional_dependants, change_of_provider, bhcpf_beneficiaries, bhcpf_facilities, tiship_lives, mha_lives, sshia_lives, stakeholder_meetings, media_appearances, marketing_sensitization, submitted_by, section, status, created_at, updated_at) VALUES ('PRG-2025-00019', 19, 2025, 12, 17821, 392888013.84999996, 0, 809, 108, 3634794.87, 628, 1015, 60766, 0, 24748, 4628, 87996, 1, 0, 0, 'SO · Ebonyi', 'enrolment', 'submitted', NOW(), NOW());
INSERT INTO programmes_monthly_reports (reference_id, state_id, reporting_year, reporting_month, gifship_enrolments, gifship_premium, ops_count, fsship_new_enrolments, extra_dependants, extra_dependant_premium, additional_dependants, change_of_provider, bhcpf_beneficiaries, bhcpf_facilities, tiship_lives, mha_lives, sshia_lives, stakeholder_meetings, media_appearances, marketing_sensitization, submitted_by, section, status, created_at, updated_at) VALUES ('PRG-2025-00020', 20, 2025, 12, 1913, 67020669.28, 0, 413, 45, 3124334, 450, 570, 128000, 0, 34000, 2800, 858000, 1, 1, 7, 'SO · Imo', 'enrolment', 'submitted', NOW(), NOW());
INSERT INTO programmes_monthly_reports (reference_id, state_id, reporting_year, reporting_month, gifship_enrolments, gifship_premium, ops_count, fsship_new_enrolments, extra_dependants, extra_dependant_premium, additional_dependants, change_of_provider, bhcpf_beneficiaries, bhcpf_facilities, tiship_lives, mha_lives, sshia_lives, stakeholder_meetings, media_appearances, marketing_sensitization, submitted_by, section, status, created_at, updated_at) VALUES ('PRG-2025-00021', 21, 2025, 12, 552, 11861892, 0, 445, 41, 1151182, 425, 756, 69753, 0, 24544, 0, 69753, 1, 0, 0, 'SO · Abia', 'enrolment', 'submitted', NOW(), NOW());
INSERT INTO programmes_monthly_reports (reference_id, state_id, reporting_year, reporting_month, gifship_enrolments, gifship_premium, ops_count, fsship_new_enrolments, extra_dependants, extra_dependant_premium, additional_dependants, change_of_provider, bhcpf_beneficiaries, bhcpf_facilities, tiship_lives, mha_lives, sshia_lives, stakeholder_meetings, media_appearances, marketing_sensitization, submitted_by, section, status, created_at, updated_at) VALUES ('PRG-2025-00022', 22, 2025, 12, 1759, 52948677.010000005, 58, 1908, 164, 5495116, 1117, 989, 82682, 0, 88971, 15965, 193906, 2, 4, 57, 'SO · Enugu', 'enrolment', 'submitted', NOW(), NOW());
INSERT INTO programmes_monthly_reports (reference_id, state_id, reporting_year, reporting_month, gifship_enrolments, gifship_premium, ops_count, fsship_new_enrolments, extra_dependants, extra_dependant_premium, additional_dependants, change_of_provider, bhcpf_beneficiaries, bhcpf_facilities, tiship_lives, mha_lives, sshia_lives, stakeholder_meetings, media_appearances, marketing_sensitization, submitted_by, section, status, created_at, updated_at) VALUES ('PRG-2025-00023', 23, 2025, 12, 119, 3802170.1, 23, 247, 61, 1970448, 432, 712, 85000, 0, 24424, NULL, 82500, 1, 0, 8, 'SO · Akwa-Ibom', 'enrolment', 'submitted', NOW(), NOW());
INSERT INTO programmes_monthly_reports (reference_id, state_id, reporting_year, reporting_month, gifship_enrolments, gifship_premium, ops_count, fsship_new_enrolments, extra_dependants, extra_dependant_premium, additional_dependants, change_of_provider, bhcpf_beneficiaries, bhcpf_facilities, tiship_lives, mha_lives, sshia_lives, stakeholder_meetings, media_appearances, marketing_sensitization, submitted_by, section, status, created_at, updated_at) VALUES ('PRG-2025-00024', 24, 2025, 12, 737, 25642952, 0, 263, 52, 1829438, 341, 587, 76000, 0, 35000, 0, 288000, 1, 1, 21, 'SO · Bayelsa', 'enrolment', 'submitted', NOW(), NOW());
INSERT INTO programmes_monthly_reports (reference_id, state_id, reporting_year, reporting_month, gifship_enrolments, gifship_premium, ops_count, fsship_new_enrolments, extra_dependants, extra_dependant_premium, additional_dependants, change_of_provider, bhcpf_beneficiaries, bhcpf_facilities, tiship_lives, mha_lives, sshia_lives, stakeholder_meetings, media_appearances, marketing_sensitization, submitted_by, section, status, created_at, updated_at) VALUES ('PRG-2025-00025', 25, 2025, 12, 4393, 54630599, 274, 606, 374, 11457246, 496, 735, 98048, 0, 60367, 0, 288659, 3, 5, 31, 'SO · Edo', 'enrolment', 'submitted', NOW(), NOW());
INSERT INTO programmes_monthly_reports (reference_id, state_id, reporting_year, reporting_month, gifship_enrolments, gifship_premium, ops_count, fsship_new_enrolments, extra_dependants, extra_dependant_premium, additional_dependants, change_of_provider, bhcpf_beneficiaries, bhcpf_facilities, tiship_lives, mha_lives, sshia_lives, stakeholder_meetings, media_appearances, marketing_sensitization, submitted_by, section, status, created_at, updated_at) VALUES ('PRG-2025-00026', 26, 2025, 12, 211, 7667379, 0, 0, 32, 1111964, 536, 0, NULL, 0, NULL, NULL, NULL, NULL, NULL, 0, 'SO · Cross Rivers', 'enrolment', 'submitted', NOW(), NOW());
INSERT INTO programmes_monthly_reports (reference_id, state_id, reporting_year, reporting_month, gifship_enrolments, gifship_premium, ops_count, fsship_new_enrolments, extra_dependants, extra_dependant_premium, additional_dependants, change_of_provider, bhcpf_beneficiaries, bhcpf_facilities, tiship_lives, mha_lives, sshia_lives, stakeholder_meetings, media_appearances, marketing_sensitization, submitted_by, section, status, created_at, updated_at) VALUES ('PRG-2025-00027', 27, 2025, 12, 518, 7770000, 0, 298, 29, 435000, 228, 573, 34024, 0, 11347, 0, 390828, 1, 0, 0, 'SO · Delta', 'enrolment', 'submitted', NOW(), NOW());
INSERT INTO programmes_monthly_reports (reference_id, state_id, reporting_year, reporting_month, gifship_enrolments, gifship_premium, ops_count, fsship_new_enrolments, extra_dependants, extra_dependant_premium, additional_dependants, change_of_provider, bhcpf_beneficiaries, bhcpf_facilities, tiship_lives, mha_lives, sshia_lives, stakeholder_meetings, media_appearances, marketing_sensitization, submitted_by, section, status, created_at, updated_at) VALUES ('PRG-2025-00028', 28, 2025, 12, 1990, 60347935, 0, 471, 70, 2131284, 532, 1324, 149000, 0, 105230, 0, 149000, 15, 0, 16, 'SO · River', 'enrolment', 'submitted', NOW(), NOW());
INSERT INTO programmes_monthly_reports (reference_id, state_id, reporting_year, reporting_month, gifship_enrolments, gifship_premium, ops_count, fsship_new_enrolments, extra_dependants, extra_dependant_premium, additional_dependants, change_of_provider, bhcpf_beneficiaries, bhcpf_facilities, tiship_lives, mha_lives, sshia_lives, stakeholder_meetings, media_appearances, marketing_sensitization, submitted_by, section, status, created_at, updated_at) VALUES ('PRG-2025-00029', 29, 2025, 12, 168, 5051290, 0, 634, 50, 1479922, 670, 1237, 86697, 0, 31205, 68708, 171460, 1, 0, 95, 'SO · Adamawa', 'enrolment', 'submitted', NOW(), NOW());
INSERT INTO programmes_monthly_reports (reference_id, state_id, reporting_year, reporting_month, gifship_enrolments, gifship_premium, ops_count, fsship_new_enrolments, extra_dependants, extra_dependant_premium, additional_dependants, change_of_provider, bhcpf_beneficiaries, bhcpf_facilities, tiship_lives, mha_lives, sshia_lives, stakeholder_meetings, media_appearances, marketing_sensitization, submitted_by, section, status, created_at, updated_at) VALUES ('PRG-2025-00030', 30, 2025, 12, 147, 2563428, 105, 669, 111, 2703546, 266, 753, 94747, 0, 54384, 0, 0, 1, 0, 0, 'SO · Borno', 'enrolment', 'submitted', NOW(), NOW());
INSERT INTO programmes_monthly_reports (reference_id, state_id, reporting_year, reporting_month, gifship_enrolments, gifship_premium, ops_count, fsship_new_enrolments, extra_dependants, extra_dependant_premium, additional_dependants, change_of_provider, bhcpf_beneficiaries, bhcpf_facilities, tiship_lives, mha_lives, sshia_lives, stakeholder_meetings, media_appearances, marketing_sensitization, submitted_by, section, status, created_at, updated_at) VALUES ('PRG-2025-00031', 31, 2025, 12, 0, 0, 0, 0, 0, 0, 0, 0, NULL, 0, NULL, NULL, NULL, NULL, NULL, 0, 'SO · Taraba', 'enrolment', 'submitted', NOW(), NOW());
INSERT INTO programmes_monthly_reports (reference_id, state_id, reporting_year, reporting_month, gifship_enrolments, gifship_premium, ops_count, fsship_new_enrolments, extra_dependants, extra_dependant_premium, additional_dependants, change_of_provider, bhcpf_beneficiaries, bhcpf_facilities, tiship_lives, mha_lives, sshia_lives, stakeholder_meetings, media_appearances, marketing_sensitization, submitted_by, section, status, created_at, updated_at) VALUES ('PRG-2025-00032', 32, 2025, 12, 72, 2572162, 50, 863, 20, 659844, 178, 425, 31331, 0, 7313, 0, 238334, 1, 0, 6, 'SO · Yobe', 'enrolment', 'submitted', NOW(), NOW());
INSERT INTO programmes_monthly_reports (reference_id, state_id, reporting_year, reporting_month, gifship_enrolments, gifship_premium, ops_count, fsship_new_enrolments, extra_dependants, extra_dependant_premium, additional_dependants, change_of_provider, bhcpf_beneficiaries, bhcpf_facilities, tiship_lives, mha_lives, sshia_lives, stakeholder_meetings, media_appearances, marketing_sensitization, submitted_by, section, status, created_at, updated_at) VALUES ('PRG-2025-00033', 33, 2025, 12, 165, 138154, 0, 0, 342, 138154, 853, 1321, 70247, 0, 21685, 5263, 84220, 0, 0, 6, 'SO · Gombe', 'enrolment', 'submitted', NOW(), NOW());
INSERT INTO programmes_monthly_reports (reference_id, state_id, reporting_year, reporting_month, gifship_enrolments, gifship_premium, ops_count, fsship_new_enrolments, extra_dependants, extra_dependant_premium, additional_dependants, change_of_provider, bhcpf_beneficiaries, bhcpf_facilities, tiship_lives, mha_lives, sshia_lives, stakeholder_meetings, media_appearances, marketing_sensitization, submitted_by, section, status, created_at, updated_at) VALUES ('PRG-2025-00034', 34, 2025, 12, 199, 5648568, 0, 3513, 101, 3007746, 729, 1335, 84892, 0, 38071, 0, 53182, 1, 0, 1, 'SO · Bauchi', 'enrolment', 'submitted', NOW(), NOW());
INSERT INTO programmes_monthly_reports (reference_id, state_id, reporting_year, reporting_month, gifship_enrolments, gifship_premium, ops_count, fsship_new_enrolments, extra_dependants, extra_dependant_premium, additional_dependants, change_of_provider, bhcpf_beneficiaries, bhcpf_facilities, tiship_lives, mha_lives, sshia_lives, stakeholder_meetings, media_appearances, marketing_sensitization, submitted_by, section, status, created_at, updated_at) VALUES ('PRG-2025-00035', 35, 2025, 12, 1660, 53966840, 185, 2697, 254, 11133365, 1432, 1643, 70520, 0, 21254, 0, 150878, 1, 1, 4, 'SO · Abuja', 'enrolment', 'submitted', NOW(), NOW());
INSERT INTO programmes_monthly_reports (reference_id, state_id, reporting_year, reporting_month, gifship_enrolments, gifship_premium, ops_count, fsship_new_enrolments, extra_dependants, extra_dependant_premium, additional_dependants, change_of_provider, bhcpf_beneficiaries, bhcpf_facilities, tiship_lives, mha_lives, sshia_lives, stakeholder_meetings, media_appearances, marketing_sensitization, submitted_by, section, status, created_at, updated_at) VALUES ('PRG-2025-00036', 36, 2025, 12, 820, 16406498, 0, 880, 52, 1601540, 539, 1520, 147, 0, 15, 0, NULL, NULL, NULL, 0, 'SO · Nasarawa', 'enrolment', 'submitted', NOW(), NOW());
INSERT INTO programmes_monthly_reports (reference_id, state_id, reporting_year, reporting_month, gifship_enrolments, gifship_premium, ops_count, fsship_new_enrolments, extra_dependants, extra_dependant_premium, additional_dependants, change_of_provider, bhcpf_beneficiaries, bhcpf_facilities, tiship_lives, mha_lives, sshia_lives, stakeholder_meetings, media_appearances, marketing_sensitization, submitted_by, section, status, created_at, updated_at) VALUES ('PRG-2025-00037', 37, 2025, 12, 612, 18770277.82, 100, 714, 189, 5947056, 898, 783, 132400, 0, 23534, 1121, 175522, 1, 0, 5, 'SO · Plateau', 'enrolment', 'submitted', NOW(), NOW());
INSERT INTO programmes_monthly_reports (reference_id, state_id, reporting_year, reporting_month, gifship_enrolments, gifship_premium, ops_count, fsship_new_enrolments, extra_dependants, extra_dependant_premium, additional_dependants, change_of_provider, bhcpf_beneficiaries, bhcpf_facilities, tiship_lives, mha_lives, sshia_lives, stakeholder_meetings, media_appearances, marketing_sensitization, submitted_by, section, status, created_at, updated_at) VALUES ('PRG-2025-00038', 38, 2025, 12, 1730, 46114000, 0, 2520, 72, 2193000, 753, 1036, 58490, 0, 51857, 4805, 608, 1, 0, 1, 'SO · Benue', 'enrolment', 'submitted', NOW(), NOW());

SET FOREIGN_KEY_CHECKS = 1;

-- Seed complete: 38 states, 7 zones, 2025 data loaded.